Ticker,Company
A,Agilent Technologies Inc.
AA,ALCOA CORPORATION
AAC,AAC Holdings Inc
AAL,AMERICAN AIRLINES GROUP INC
AAME,Atlantic American Corp.
AAN,Aaron Rents Inc.
AAOI,APPLIED OPTOELECTRONICS INC
AAON,AAON Inc.
AAP,Advance Auto Parts
AAPL,Apple Inc.
AAT,AMERICAN ASSETS TR INC
AAWW,Atlas Air Worldwide Holdings
AB,AllianceBernstein Holding L.P.
ABAX,Abaxis Inc.
ABBV,ABBVIE INC
ABC,AmerisourceBergen Corp.
ABCB,Ameris Bancorp
ABCO,Advisory Board Co.
ABDC,ALCENTRA CAP CORP
ABEO,Abeona Therapeutics Inc
ABG,Asbury Automotive Group Inc.
ABIO,ARCA biopharma Inc.
ABM,ABM Industries Inc.
ABMD,Abiomed Inc.
ABR,Arbor Realty Trust Inc.
ABT,Abbott Laboratories
ABTL,Autobytel Inc.
ABTX,ALLEGIANCE BANCSHARES INC
AC,ASSOCIATED CAP GROUP INC
ACAD,ACADIA Pharmaceuticals Inc.
ACAS,AMERICAN CAP LTD
ACAT,Arctic Cat Inc.
ACC,American Campus Communities Inc.
ACCO,ACCO Brands Corp.
ACET,Aceto Corp.
ACGL,Arch Capital Group Ltd.
ACHC,ACADIA HEALTHCARE COMPANY INC
ACHI,ACCRETIVE HEALTH INC
ACHN,Achillion Pharmaceuticals Inc.
ACIA,ACACIA COMMUNICATIONS INC
ACIW,ACI Worldwide Inc.
ACLS,Axcelis Technologies Inc
ACM,AECOM Technology Corp.
ACOR,Acorda Therapeutics Inc.
ACRE,ARES COML REAL ESTATE CORP
ACRS,ACLARIS THERAPEUTICS INC
ACRX,ACELRX PHARMACEUTICALS INC
ACTA,Actua Corp
ACTG,Acacia Research Corp. - Acacia Technologie
ACU,Acme United Corp.
ACUR,Acura Pharmaceuticals Inc.
ACXM,Acxiom Corp.
ACY,Aerocentury Corp.
ADAT,Authentidate Holding Corp.
ADBE,Adobe Systems Inc.
ADC,Agree Realty Corp.
ADES,ADA-ES Inc.
ADI,Analog Devices Inc.
ADK,AdCare Health Systems Inc.
ADM,Archer Daniels Midland Co.
ADMP,ADAMIS PHARMACEUTICALS CORP
ADNT,ADIENT PLC
ADP,Automatic Data Processing Inc.
ADPT,Adeptus Health Inc
ADRO,ADURO BIOTECH INC
ADS,Alliance Data Systems Corp.
ADSK,Autodesk Inc.
ADSW,ADVANCED DISP SVCS INC DEL
ADTN,Adtran Inc.
ADUS,ADDUS HOMECARE CORP
ADVM,Adverum Biotechnologies Inc
ADXS,ADVAXIS INC
AE,Adams Resources & Energy Inc.
AEE,Ameren Corp.
AEGN,Aegion corp
AEHR,Aehr Test Systems
AEIS,Advanced Energy Industries Inc.
AEL,American Equity Investment Life Holding Co
AEO,American Eagle Outfitters Inc.
AEP,American Electric Power Co. Inc.
AEPI,AEP Industries Inc.
AERG,Applied Energetics Inc.
AERI,AERIE PHARMACEUTICALS INC
AERT,Advanced Environmental Recycling Technol
AES,AES Corp.
AET,Aetna Inc.
AETI,American Electric Technologies Inc.
AEY,ADDvantage Technologies Group Inc.
AF,Astoria Financial Corp.
AFAM,Almost Family Inc.
AFCO,AMERICAN FARMLAND CO
AFFY,Affymax Inc.
AFG,American Financial Group Inc.
AFH,Atlas Financial Holding
AFI,ARMSTRONG FLOORING INC
AFL,AFLAC Inc.
AFSI,AmTrust Financial Services Inc.
AGCO,AGCO Corp.
AGEN,Antigenics Inc.
AGII,Argo Group International Holdings Ltd.
AGIO,AGIOS PHARMACEUTICALS INC
AGLE,Aeglea Biotherapeutics
AGM,Federal Agricultural Mortgage Corp. Cl C
AGN,Actavis Plc
AGNC,Agnc Invt Corp
AGNU,Wells-Gardner Electronics Corp.
AGO,Assured Guaranty Ltd.
AGR,Avangrid Inc
AGRX,AGILE THERAPEUTICS INC
AGTC,APPLIED GENETIC TECHNOL CORP
AGX,Argan Inc.
AGYS,Agilysys Inc.
AHC,A. H. Belo Corp.
AHGP,Alliance Holdings GP L.P.
AHH,ARMADA HOFFLER PPTYS INC
AHL,Aspen Insurance Holdings Ltd.
AHP,Ashford Hospitality Prime Inc.
AHPI,Allied Healthcare Prods Inc
AHT,Ashford Hospitality Trust Inc.
AI,ARLINGTON ASSET INVT CORP
AIG,American International Group Inc.
AIMC,Altra Holdings Inc.
AIMT,AIMMUNE THERAPEUTICS INC
AIN,Albany International Corp.
AINC,Ashford Inc
AINV,APOLLO INVT CORP
AIQ,Alliance HealthCare Services Inc.
AIR,AAR Corp.
AIRG,AIRGAIN INC
AIRM,Air Methods Corp.
AIRT,Air T Inc.
AIT,Applied Industrial Technologies Inc.
AIV,Apartment Investment & Management Co.
AIZ,Assurant Inc.
AJG,Arthur J. Gallagher & Co.
AJRD,Aerojet Rocketdyne Hldgs Inc
AJX,GREAT AJAX CORP
AKAM,Akamai Technologies Inc.
AKAO,ACHAOGEN INC
AKBA,AKEBIA THERAPEUTICS INC
AKER,AKERS BIOSCIENCES INC
AKR,Acadia Realty Trust
AKRX,Akorn Inc.
AKS,AK Steel Holding Corp.
AL,AIR LEASE CORP
ALB,Albemarle Corp.
ALBO,Albireo Pharma Inc
ALCO,Alico Inc.
ALDR,ALDER BIOPHARMACEUTICALS INC
ALDW,ALON USA PARTNERS LP
ALDX,ALDEYRA THERAPEUTICS INC
ALE,Allete Inc.
ALEX,ALEXANDER & BALDWIN INC
ALG,Alamo Group Inc.
ALGN,Align Technology Inc.
ALGT,Allegiant Travel Co.
ALIM,ALIMERA SCIENCES INC
ALJ,Alon USA Energy Inc.
ALK,Alaska Air Group Inc.
ALKS,Alkermes PLC
ALL,Allstate Corp.
ALLY,Ally Finl Inc
ALNY,Alnylam Pharmaceuticals Inc.
ALOG,Analogic Corp.
ALOT,Astro-Med Inc.
ALR,Alere Inc.
ALRM,ALARM COM HLDGS INC
ALSK,Alaska Communications Systems Group Inc
ALSN,ALLISON TRANSMISSION HLDGS INC
ALV,AUTOLIV INC
ALX,Alexander's Inc.
ALXN,Alexion Pharmaceuticals Inc.
AM,ANTERO MIDSTREAM PARTNERS LP
AMAG,AMAG Pharmaceuticals Inc.
AMAT,Applied Materials Inc.
AMBA,AMBARELLA INC
AMBR,AMBER RD INC
AMC,AMC ENTMT HLDGS INC
AMCC,Applied Micro Circuits Corp.
AMCX,AMC NETWORKS INC
AMD,Advanced Micro Devices Inc.
AMDA,Amedica Corp
AME,Ametek Inc.
AMED,Amedisys Inc.
AMG,Affiliated Managers Group Inc.
AMGN,Amgen Inc.
AMH,AMERICAN HOMES 4 RENT
AMID,AMERICAN MIDSTREAM PARTNERS
AMKR,Amkor Technology Inc.
AMMA,ALLIANCE MMA INC
AMN,AMN Healthcare Services Inc.
AMNB,American National Bankshares Inc.
AMOT,Allied Motion Technologies Inc.
AMP,Ameriprise Financial Inc.
AMPE,AMPIO PHARMACEUTICALS INC
AMPH,Amphastar Pharmaceutical
AMRB,American River Bankshares
AMRC,AMERESCO INC
AMRI,Albany Molecular Research Inc.
AMRS,AMYRIS INC
AMS,American Shared Hospital Services
AMSC,American Superconductor Corp.
AMSF,AMERISAFE Inc.
AMSWA,American Software Inc.
AMT,American Tower Corp. Cl A
AMTD,TD Ameritrade Holding Corp.
AMTY,Amerityre Corp.
AMWD,American Woodmark Corp.
AMZN,Amazon.com Inc.
AN,AutoNation Inc.
ANAT,American National Insurance Co.
ANCX,Access National Corp.
ANDE,Andersons Inc.
ANDR,Andrea Electronics Corp.
ANET,ARISTA NETWORKS INC
ANF,Abercrombie & Fitch Co.
ANGI,ANGIES LIST INC
ANGO,AngioDynamics Inc.
ANH,Anworth Mortgage Asset Corp.
ANIK,Anika Therapeutics Inc.
ANIP,Ani Pharmaceuticals Inc
ANSS,Ansys Inc.
ANTH,ANTHERA PHARMACEUTICALS INC
ANTM,Anthem Inc.
AOI,Alliance One International Inc.
AOS,A.O. Smith Corp.
AOSL,ALPHA & OMEGA SEMICONDUCTOR
AP,Ampco-Pittsburgh Corp.
APA,Apache Corp.
APAM,ARTISAN PARTNERS ASSET MGMT
APC,Anadarko Petroleum Corp.
APD,Air Products & Chemicals Inc.
APDN,APPLIED DNA SCIENCES INC
APEI,American Public Education Inc.
APEN,Apollo Endosurgery Inc
APFH,ADVANCEPIERRE FOODS HLDGS IN
APH,Amphenol Corp. Cl A
APLE,APPLE HOSPITALITY REIT INC
APLP,Archrock Partners L P
APOG,Apogee Enterprises Inc.
APOL,Apollo Group Inc.
APPF,APPFOLIO INC
APRI,NexMed Inc.
APTI,APPTIO INC
APTS,PREFERRED APT CMNTYS INC
APU,Amerigas Partners L.P.
APVO,APTEVO THERAPEUTICS INC
AQMS,AQUA METALS INC COM
AR,ANTERO RES CORP
ARA,American Renal Associat
ARAY,Accuray Inc.
ARC,American Reprographics Co.
ARCB,Arcbest Corp
ARCC,Ares Cap Corp
ARCH,ARCH COAL INC
ARCI,Appliance Recycling Centers of America Inc.
ARDX,ARDELYX INC
ARE,Alexandria Real Estate Equities Inc.
ARES,ARES MGMT L P
AREX,Approach Resources Inc.
ARGS,ARGOS THERAPEUTICS INC
ARI,APOLLO COML REAL EST FIN INC
ARIA,Ariad Pharmaceuticals Inc.
ARII,American Railcar Industries Inc.
ARKR,ARK Restaurants Corp.
ARL,American Realty Investors Inc.
ARLP,Alliance Resource Partners L.P.
ARMK,ARAMARK HLDGS CORP
ARNA,Arena Pharmaceuticals Inc.
ARNC,Arconic Inc
AROC,Archrock Inc
AROW,Arrow Financial Corp.
ARQL,ArQule Inc.
ARR,ARMOUR RESIDENTIAL REIT INC
ARRS,Arris Intl Inc
ARRY,Array BioPharma Inc.
ARTNA,Artesian Resources
ARTW,Art's Way Manufacturing Co.
ARTX,Arotech Corp.
ARW,Arrow Electronics Inc.
ARWR,Arrowhead Pharmaceuticals In
ASB,Associated Banc-Corp
ASCMA,Ascent Media Corp
ASFI,Asta Funding Inc.
ASGN,On Assignment Inc.
ASH,Ashland Global Hldgs Inc
ASIX,ADVANSIX INC
ASMB,Assembly Biosciences Inc
ASNA,Ascena Retail
ASPN,ASPEN AEROGELS INC
ASRV,AmeriServ Financial Inc.
ASTC,Astrotech Corp
ASTE,Astec Industries Inc.
ASTI,Ascent Solar Technologies Inc.
ASUR,Forgent Networks Inc.
ASYS,Amtech Systems Inc.
AT,ATLANTIC PWR CORP
ATEC,Alphatec Holdings Inc
ATEN,A10 NETWORKS INC
ATHN,athenahealth Inc.
ATI,Allegheny Technologies Inc.
ATKR,Atkore Intl Group Inc
ATLC,CompuCredit Corp.
ATLO,Ames National Corp.
ATNI,Atn Intl Inc
ATO,Atmos Energy Corp.
ATOM,ATOMERA INC
ATOS,ATOSSA GENETICS INC
ATR,Aptargroup Inc.
ATRA,ATARA BIOTHERAPEUTICS INC
ATRC,AtriCure Inc.
ATRI,Atrion Corp.
ATRO,Astronics Corp.
ATRS,Antares Pharma Inc.
ATSG,Air Transport Services Group Inc.
ATU,Actuant Corp. Cl A
ATVI,Activision Blizzard Inc.
ATW,Atwood Oceanics Inc.
AUMN,GOLDEN MINERALS CO
AVA,Avista Corp.
AVAV,AeroVironment Inc.
AVB,Avalonbay Communities Inc.
AVD,American Vanguard Corp.
AVEO,AVEO PHARMACEUTICALS INC
AVGR,AVINGER INC
AVHI,AV HOMES INC COM
AVID,Avid Technology Inc.
AVIR,Aviragen Therapeutics Inc
AVNW,Harris Stratex Networks Inc.
AVP,Avon Products Inc.
AVT,Avnet Inc.
AVX,AVX Corp.
AVXS,AveXis Inc
AVY,Avery Dennison Corp.
AWI,Armstrong World Industries Inc.
AWK,American Water Works Co.
AWR,American States Water Co.
AWRE,Aware Inc.
AWX,Avalon Holdings Corp.
AXAS,Abraxas Petroleum Corp.
AXDX,Accelerate Diagnostics
AXE,Anixter International Inc.
AXGN,Axogen Inc
AXL,American Axle & Manufacturing Holdings In
AXP,American Express Co.
AXPW,AXION PWR INTL INC
AXR,Amrep Corp.
AXS,Axis Capital Holdings Ltd.
AXSM,AXSOME THERAPEUTICS INC
AXTA,Axalta Coating Sys Ltd
AXTI,AXT Inc.
AYI,Acuity Brands Inc.
AYR,Aircastle Ltd.
AYTU,Aytu Bioscience Inc
AZO,AutoZone Inc.
AZPN,ASPEN TECHNOLOGY INC
AZRX,AZURRX BIOPHARMA INC
AZUR,Azure Midstream Partners LP
AZZ,AZZ Inc.
B,Barnes Group Inc.
BA,Boeing Co.
BABY,Natus Medical Inc.
BAC,Bank of America Corp.
BAH,BOOZ ALLEN HAMILTON HLDG COR
BANC,Banc Calif Inc
BANF,BancFirst Corp.
BANR,Banner Corp.
BAS,Basic Energy Services Inc.
BASI,Bioanalytical Systems Inc.
BATRA,Liberty Braves Group-A
BATS,Bats Global Mkts Inc
BAX,Baxter International Inc.
BBBY,Bed Bath & Beyond Inc.
BBG,Bill Barrett Corp.
BBGI,Beasley Broadcast Group Inc.
BBOX,Black Box Corp.
BBRG,BRAVO BRIO RESTAURANT GROUP
BBSI,Barrett Business Services Inc.
BBT,BB&T Corp.
BBW,Build-A-Bear Workshop Inc.
BBY,Best Buy Co. Inc.
BC,Brunswick Corp.
BCBP,BCB Bancorp Inc.
BCC,Boise Cascade Co
BCEI,BONANZA CREEK ENERGY INC
BCO,Brink's Co.
BCOR,Blucora Inc
BCOV,Brightcove Inc
BCPC,Balchem Corp.
BCR,C.R. Bard Inc.
BCRX,BioCryst Pharmaceuticals Inc.
BDC,Belden Inc.
BDE,Black Diamond Inc
BDGE,Bridge Bancorp Inc.
BDN,Brandywine Realty Trust
BDSI,BioDelivery Sciences International Inc.
BDX,Becton Dickinson & Co.
BEAT,CardioNet Inc.
BEAV,BE Aerospace Inc.
BEBE,bebe stores inc.
BECN,Beacon Roofing Supply Inc.
BELFB,Bel Fuse Inc.
BEN,Franklin Resources Inc.
BERY,BERRY PLASTICS GROUP INC
BETR,AMPLIFY SNACK BRANDS
BF/B,Brown-Forman Corp.
BFAM,BRIGHT HORIZONS FAM SOL IN D
BFIN,BankFinancial Corp.
BFS,Saul Centers Inc.
BG,Bunge Ltd.
BGC,General Cable Corp.
BGCP,BGC Partners Inc.
BGFV,Big 5 Sporting Goods Corp.
BGG,Briggs & Stratton Corp.
BGS,B&G Foods Inc. Cl A
BH,Steak N Shake Co.
BHB,Bar Harbor Bankshares
BHBK,Blue Hills Bancorp Inc
BHE,Benchmark Electronics Inc.
BHI,Baker Hughes Inc.
BHLB,Berkshire Hills Bancorp Inc.
BID,Sotheby's
BIG,Big Lots Inc.
BIIB,Biogen Idec Inc.
BIO,Bio-Rad Laboratories Inc. Cl A
BIOC,BIOCEPT INC
BIOL,Biolase Technology Inc.
BIOP,Bioptix Inc
BIOS,BioScrip Inc.
BJRI,BJ's Restaurants Inc.
BK,Bank of New York Mellon Corp.
BKCC,Blackrock Kelso Capital
BKD,Brookdale Senior Living Inc.
BKE,Buckle Inc.
BKEP,BLUEKNIGHT ENERGY PARTNERS L
BKFS,BLACK KNIGHT FINL SVCS INC
BKH,Black Hills Corp.
BKMU,Bank Mutual Corp.
BKS,Barnes & Noble Inc.
BKSC,Bank of South Carolina Corp.
BKU,BANKUNITED INC
BL,BLACKLINE INC
BLCM,BELLICUM PHARMACEUTICALS INC
BLD,TOPBUILD CORP
BLDR,Builders FirstSource Inc.
BLFS,BioLife Solutions Inc.
BLIN,Bridgeline Digital Inc
BLK,BlackRock Inc.
BLKB,Blackbaud Inc.
BLL,Ball Corp.
BLMN,BLOOMIN BRANDS INC
BLMT,BSB BANCORP INC MD
BLPH,BELLEROPHON THERAPEUTICS INC
BLUE,BLUEBIRD BIO INC
BMCH,Bmc Stk Hldgs Inc
BMI,Badger Meter Inc.
BMRC,Bank of Marin Bancorp
BMRN,BioMarin Pharmaceutical Inc.
BMS,Bemis Co. Inc.
BMTC,Bryn Mawr Bank Corp.
BMY,Bristol-Myers Squibb Co.
BNCL,Beneficial Mutual Bancorp Inc.
BNCN,BNC Bancorp
BNED,BARNES & NOBLE ED INC COM
BNFT,BENEFITFOCUS INC
BOBE,Bob Evans Farms Inc.
BOFI,BofI Holding Inc.
BOH,Bank of Hawaii Corp.
BOJA,BOJANGLES INC
BOKF,BOK Financial Corp.
BOLD,AUDENTES THERAPEUTICS INC
BONT,Bon-Ton Stores Inc.
BOOM,Dmc Global Inc
BOOT,BOOT BARN HLDGS INC
BOX,Box Inc
BPFH,Boston Private Financial Holdings Inc.
BPI,BRIDGEPOINT ED INC
BPL,Buckeye Partners L.P.
BPMC,BLUEPRINT MEDICINES CORP
BPMX,BIOPHARMX CORP
BPOP,Popular Inc.
BPT,BP Prudhoe Bay Royalty Trust
BR,Broadridge Financial Solutions Inc.
BRC,Brady Corp.
BRCD,Brocade Communications Systems Inc.
BREW,Craft Brewers Alliance Inc.
BRG,BLUEROCK RESIDENT GR REIT INC
BRK/B,BERKSHIRE HATHAWAY INC
BRKL,Brookline Bancorp Inc.
BRKR,Bruker Corp.
BRKS,Brooks Automation Inc.
BRN,Barnwell Industries Inc.
BRO,Brown & Brown Inc.
BRS,Bristow Group Inc.
BRSS,GLOBAL BRASS & COPPER HLDGS
BRT,BRT Realty Trust
BRX,BRIXMOR PPTY GROUP INC
BSET,Bassett Furniture Industries Inc.
BSF,Bear St Finl Inc
BSFT,BROADSOFT INC
BSM,BLACK STONE MINERALS L P
BSQR,BSQUARE Corp.
BSRR,Sierra Bancorp
BSTC,BioSpecifics Technologies Corp.
BSX,Boston Scientific Corp.
BTN,Ballantyne of Omaha Inc.
BTUUQ,Peabody Energy Corp.
BTX,BioTime Inc.
BUFF,BLUE BUFFALO PET PRODS INC
BURL,BURLINGTON STORES INC
BUSE,First Busey Corp.
BV,Bazaarvoice Inc
BVSN,Broadvision Inc.
BVX,Bovie Medical Corp.
BW,BABCOCK & WILCOX ENTERPRIS INC COM
BWA,BorgWarner Inc.
BWEN,BROADWIND ENERGY INC
BWFG,BANKWELL FINL GROUP INC
BWINB,Baldwin & Lyons Inc.
BWLD,Buffalo Wild Wings Inc.
BWP,Boardwalk Pipeline Partners LP
BWXT,BWX Technologies Inc
BX,Blackstone Group L.P.
BXC,BlueLinx Holdings Inc.
BXMT,Blackstone Mortgage Trust Inc
BXP,Boston Properties Inc.
BXS,BancorpSouth Inc.
BYD,Boyd Gaming Corp.
BZH,Beazer Homes USA Inc.
C,Citigroup Inc.
CA,CA Inc.
CAA,Standard Pacific Corp.
CAB,Cabela's Inc.
CABO,CABLE ONE INC
CAC,Camden National Corp.
CACB,Cascade Bancorp
CACC,Credit Acceptance Corp.
CACI,Caci Inc
CAFD,8POINT3 ENERGY PARTNERS LP
CAG,Conagra Brands Inc
CAH,Cardinal Health Inc.
CAI,CAI International Inc.
CAKE,Cheesecake Factory Inc.
CAL,Caleres Inc
CALA,CALITHERA BIOSCIENCES INC
CALD,Callidus Software Inc.
CALM,Cal-Maine Foods Inc.
CALX,CALIX INC
CAMP,CalAmp Corp.
CAPL,Crossamerica Partners Lp
CAR,Avis Budget Group Inc.
CARA,Cara Therapeutics Inc
CARB,CARBONITE INC
CASC,Cascadian Therapeutics Inc
CASH,Meta Financial Group Inc.
CASI,Casi Pharmaceuticals Inc
CASL,A.M. Castle & Co.
CASM,CAS Medical Systems Inc.
CASS,Cass Information Systems Inc.
CASY,Casey's General Stores Inc.
CAT,Caterpillar Inc.
CATB,CATABASIS PHARMACEUTICALS IN
CATM,Cardtronics Plc
CATO,Cato Corp.
CATY,Cathay General Bancorp
CAVM,Cavium Networks Inc.
CAW,CCA Industries Inc.
CBAN,Colony Bankcorp Inc.
CBB,Cincinnati Bell Inc New
CBG,CB Richard Ellis Group Inc. Cl A
CBIO,Catalyst Biosciences Inc
CBK,Christopher & Banks Corp.
CBL,CBL & Associates Properties Inc.
CBLI,Cleveland BioLabs Inc.
CBM,Cambrex Corp.
CBMX,CombiMatrix Corp.
CBOE,CBOE HLDGS INC
CBPX,CONTINENTAL BLDG PRODS INC
CBR,Ciber Inc.
CBRL,Cracker Barrel Old Country Store Inc.
CBS,CBS Corp.
CBSH,Commerce Bancshares Inc.
CBT,Cabot Corp.
CBU,Community Bank System Inc.
CBZ,CBIZ Inc
CC,CHEMOURS CO
CCBG,Capital City Bank Group Inc.
CCC,Calgon Carbon Corp.
CCF,Chase Corp.
CCI,Crown Castle International Corp.
CCK,Crown Holdings Inc.
CCL,Carnival Corp.
CCLP,CSI Compressco LP
CCMP,Cabot Microelectronics Corp.
CCNE,CNB Financial Corp. (Pennsylvania)
CCO,Clear Channel Outdoor Holdings Inc.
CCOI,Cogent Communications Group Inc.
CCP,CARE CAP PPTYS INC
CCRN,Cross Country Healthcare Inc.
CCS,CENTURY CMNTYS INC
CCUR,Concurrent Computer Corp.
CCXI,Chemocentryx Inc
CDE,Coeur d'Alene Mines Corp.
CDI,CDI Corp.
CDNA,CAREDX INC
CDNS,Cadence Design Systems Inc.
CDOR,Condor Hospitality Tr Inc Com
CDR,Cedar Shopping Centers Inc.
CDTI,Clean Diesel Technologies Inc.
CDTX,CIDARA THERAPEUTICS INC
CDVIQ,Cal Dive InterNatl Inc.
CDW,CDW CORP
CDXS,CODEXIS INC
CDZI,Cadiz Inc.
CE,Celanese Corp. Series A
CEB,Ceb Inc
CECE,Ceco Environmental Corp.
CECO,Career Education Corp.
CELG,Celgene Corp.
CELP,CYPRESS ENERGY PARTNERS LP
CEMI,CHEMBIO DIAGNOSTICS INC
CEMP,Cempra Inc
CENTA,Central Garden & Pet Co.
CENX,Century Aluminum Co.
CEQP,Crestwood Equity Partners LP
CERC,CERECOR INC
CERN,Cerner Corp.
CERS,Cerus Corp.
CERU,CERULEAN PHARMA INC
CEVA,CEVA Inc.
CF,CF Industries Holdings Inc.
CFFI,C&F Financial Corp.
CFFN,Capitol Federal Financial
CFG,CITIZENS FINL GROUP INC
CFI,Culp Inc.
CFMS,CONFORMIS INC
CFNL,Cardinal Financial Corp.
CFR,Cullen/Frost Bankers Inc.
CFX,Colfax Corp.
CG,CARLYLE GROUP L P
CGI,Celadon Group Inc.
CGIX,CANCER GENETICS INC
CGNT,Cogentix Med Inc
CGNX,Cognex Corp.
CHCI,Comstock Homebuilding Cos. Inc.
CHCO,City Holding Co.
CHCT,COMMUNITY HEALTHCARE TR INC
CHD,Church & Dwight Co.
CHDN,Churchill Downs Inc.
CHE,Chemed Corp.
CHEF,CHEFS WHSE INC
CHFC,Chemical Financial Corp.
CHFN,Charter Financial Corp.
CHGG,CHEGG INC
CHH,Choice Hotels International Inc.
CHK,Chesapeake Energy Corp.
CHKE,Cherokee Inc.
CHMA,CHIASMA INC
CHMG,CHEMUG FINL CORP
CHMI,CHERRY HILL MTG INVT CORP
CHMT,CHEMTURA CORP
CHRS,Coherus Biosciences Inc
CHRW,C.H. Robinson Worldwide Inc.
CHS,Chico's Fas Inc.
CHSP,CHESAPEAKE LODGING TR
CHTR,Charter Communications Inc N
CHUBA,COMMERCEHUB INC
CHUBK,COMMERCEHUB INC COM SER C
CHUY,CHUYS HLDGS INC
CI,CIGNA Corp.
CIA,Citizens Inc.
CIDM,Access Integrated Technologies Inc.  Cl 
CIE,COBALT INTL ENERGY INC
CIEN,Ciena Corp.
CIM,Chimera Investment Corp.
CINF,Cincinnati Financial Corp.
CINR,Ciner Res Lp
CIR,Circor International Inc.
CIT,Cit Group Inc
CIVB,Civista Bancshares Inc
CIVI,CIVITAS SOLUTIONS INC
CKH,SEACOR Holding Inc.
CL,Colgate-Palmolive Co.
CLBH,CAROLINA BK HLDGS IN
CLBS,Caladrius Biosciences Inc
CLC,Clarcor Inc.
CLCD,COLUCID PHARMACEUTICALS INC
CLCT,Collectors Universe Inc.
CLD,CLOUD PEAK ENERGY INC
CLDT,CHATHAM LODGING TR
CLDX,Celldex Therapeutics Inc.
CLF,Cliffs Natural Resources Inc.
CLFD,Clearfield Inc.
CLGX,CORELOGIC INC
CLH,Clean Harbors Inc.
CLI,Mack-Cali Realty Corp.
CLIR,CLEARSIGN COMBUSTION CORP
CLMS,Calamos Asset Management Inc.
CLMT,Calumet Specialty Products Partners L.P.
CLNE,Clean Energy Fuels Corp.
CLNY,COLONY FINL INC
CLR,Continental Resources Inc.
CLRB,Cellectar Biosciences
CLRO,ClearOne Communications Inc.
CLSD,Clearside Biomedical In
CLSN,Celsion Corp.
CLUB,Town Sports International Holdings Inc.
CLVS,CLOVIS ONCOLOGY INC
CLW,Clearwater Paper Corp.
CLX,Clorox Co.
CMA,Comerica Inc.
CMC,Commercial Metals Co.
CMCO,Columbus McKinnon Corp.
CMCSA,Comcast Corp.
CMCT,Cim Coml Tr Corp
CMD,Cantel Medical Corp.
CME,CME Group Inc.
CMFN,CM FIN INC
CMG,Chipotle Mexican Grill Inc.
CMI,Cummins Inc.
CMLS,Cumulus Media Inc.
CMO,Capstead Mortgage Corp.
CMP,Compass Minerals International Inc.
CMRX,CHIMERIX INC
CMS,CMS Energy Corp.
CMT,Core Molding Technologies Inc.
CMTL,Comtech Telecommunications Corp.
CNA,CNA Financial Corp.
CNAT,CONATUS PHARMACEUTICALS INC
CNBKA,Century Bancorp Inc.
CNC,Centene Corp.
CNCE,CONCERT PHARMACEUTICALS INC
CNFR,CONIFER HLDGS INC
CNK,Cinemark Holdings Inc.
CNMD,CONMED Corp.
CNNX,CONE MIDSTREAM PARTNERS LP
CNO,Conseco Inc.
CNOB,Connectone Bancorp Inc New
CNP,CenterPoint Energy Inc.
CNS,Cohen & Steers Inc.
CNSL,Consolidated Communications Holdings Inc
CNTY,Century Casinos Inc.
CNX,Consol Energy Inc.
CNXC,CNX COAL RESOURCES LP
CNXN,PC Connection Inc.
CNXR,CONNECTURE INC
COBZ,CoBiz Financial Inc.
COF,Capital One Financial Corp.
COG,Cabot Oil & Gas Corp.
COH,Coach Inc.
COHR,Coherent Inc.
COHU,Cohu Inc.
COKE,Coca-Cola Bottling Co. Consolidated
COL,Rockwell Collins Inc.
COLB,Columbia Banking System Inc.
COLL,COLLEGIUM PHARMACEUTICAL INC
COLM,Columbia Sportswear Co.
COMM,COMMSCOPE HLDG CO INC
CONE,CYRUSONE INC
CONN,Conn's Inc.
COO,Cooper Cos.
COOL,Majesco Entertainment Co.
COP,ConocoPhillips
COR,CORESITE RLTY CORP
CORE,Core-Mark Holding Co. Inc.
CORI,CORIUM INTL INC
CORR,CORENERGY INFRASTRUCTURE TR
CORT,Corcept Therapeutics Inc.
COST,Costco Wholesale Corp.
COTV,COTIVITI HLDGS INC
COTY,COTY INC
COUP,COUPA SOFTWARE INC
COVS,COVISINT CORP
COWN,COWEN GROUP INC NEW
CPB,Campbell Soup Co.
CPE,Callon Petroleum Co.
CPF,Central Pacific Financial Corp.
CPIX,CUMBERLAND PHARMACEUTICALS I
CPK,Chesapeake Utilities Corp.
CPLA,Capella Education Co.
CPN,Calpine Corp.
CPPL,COLUMBIA PIPELINE PARTNERS LP
CPRT,Copart Inc.
CPRX,Catalyst Pharmaceutical Partners Inc.
CPSI,Computer Programs & Systems Inc.
CPSS,Consumer Portfolio Services Inc.
CPST,Capstone Turbine Corp
CPT,Camden Property Trust
CPTA,CAPITALA FIN CORP
CQP,Cheniere Energy Partners L.P.
CR,Crane Co.
CRAI,CRA International Inc.
CRAY,Cray Inc.
CRC,California Res Corp
CRCM,CARE COM INC
CRD/B,Crawford & Co.
CREE,Cree Inc.
CRI,Carters Inc.
CRIS,Curis Inc.
CRK,Comstock Resources Inc.
CRL,Charles River Laboratories International Inc
CRM,Salesforce.com Inc.
CRMT,America's Car-Mart Inc.
CROX,Crocs Inc.
CRR,Carbo Ceramics Inc.
CRS,Carpenter Technology Corp.
CRT,Cross Timbers Royalty Trust
CRTN,Cartesian Inc
CRUS,Cirrus Logic Inc.
CRVL,Corvel Corp.
CRVP,Crystal Rock Hldgs Inc
CRVS,Corvus Pharmaceuticals
CRWS,Crown Crafts Inc.
CRXM,Cardium Therapeutics Inc.
CRY,CryoLife Inc.
CRZO,Carrizo Oil & Gas Inc.
CSAL,Communications Sales and Leasing Inc.
CSBK,Clifton Savings Bancorp Inc.
CSC,Computer Sciences Corp.
CSCO,Cisco Systems Inc.
CSFL,Centerstate Banks of Florida Inc.
CSGP,CoStar Group Inc.
CSGS,CSG Systems International Inc.
CSII,Cardiovascular Systems Inc.
CSL,Carlisle Cos.
CSLT,CASTLIGHT HEALTH INC
CSOD,CORNERSTONE ONDEMAND INC
CSPI,CSP Inc.
CSRA,CSRA INC
CSS,CSS Industries Inc.
CST,CST BRANDS INC
CSTR,CAPSTAR FINL HLDGS INC
CSU,Capital Senior Living Corp.
CSV,Carriage Services Inc.
CSWC,CAPITAL SOUTHWEST CO
CSWI,CSW INDUSTRIALS INC
CSX,CSX Corp.
CTAS,Cintas Corp.
CTB,Cooper Tire & Rubber Co.
CTBI,Community Trust Bancorp Inc.
CTG,Computer Task group
CTHR,Charles & Colvard Ltd.
CTIB,CTI Industries Corp.
CTIC,Cti Biopharma Corp
CTL,CenturyTel Inc.
CTLT,CATALENT INC
CTMX,CYTOMX THERAPEUTICS INC
CTO,Consolidated-Tomoka Land Co.
CTRE,Caretrust Reit Inc
CTRL,CONTROL4 CORP
CTRN,Citi Trends Inc.
CTS,CTS Corp.
CTSH,Cognizant Technology Solutions Corp.
CTSO,CYTOSORBENTS CORP
CTT,Catchmark Timber Trust Inc
CTWS,Connecticut Water Service Inc.
CTXS,Citrix Systems Inc.
CUB,Cubic Corp.
CUBE,Cubesmart
CUBI,CUSTOMERS BANCORP INC
CUI,Cui Global Inc
CUNB,CU BANCORP CALIF
CUR,Neuralstem Inc.
CUTR,Cutera Inc.
CUZ,Cousins Properties Inc.
CVA,Covanta Holding Corp.
CVBF,CVB Financial Corp.
CVCO,Cavco Industries Inc.
CVCY,Central Valley Community Bancorp
CVEO,Civeo Corp
CVG,Convergys Corp.
CVGI,Commercial Vehicle Group Inc.
CVGW,Calavo Growers Inc.
CVLT,CommVault Systems Inc.
CVLY,Codorus Valley Bancorp Inc.
CVM,CEL-SCI Corp.
CVO,Cenveo Inc.
CVR,Chicago Rivet & Machine Co.
CVRR,Cvr Refng Lp
CVRS,HTG MOLECULAR DIAGNOSTICS IN
CVS,CVS Caremark Corp.
CVTI,Covenant Transport Group Inc.
CVU,CPI Aerostructures Inc.
CVV,CVD Equipment Corp.
CVX,Chevron Corp.
CW,Curtiss-Wright Corp.
CWEI,Clayton Williams Energy Inc.
CWGL,CRIMSON WINE GROUP LTD
CWH,CAMPING WORLD HLDGS INC
CWST,Casella Waste Systems Inc.
CWT,California Water Service Group
CXO,Concho Resources Inc.
CXP,Columbia Ppty Tr Inc
CXW,Corecivic Inc
CY,Cypress Semiconductor Corp.
CYAN,Cyanotech Corp.
CYBE,CyberOptics Corp.
CYCC,Cyclacel Pharmaceuticals Inc.
CYH,Community Health Systems Inc.
CYNO,Cynosure Inc.
CYRX,CRYOPORT INC
CYS,CYPRESS SHARPRIDGE INVTS INC
CYTK,Cytokinetics Inc.
CYTR,CytRx Corp.
CYTX,Cytori Therapeutics Inc
CZNC,Citizens & Northern Corp.
CZR,CAESARS ENTMT CORP
D,Dominion Resources Inc. (Virginia)
DAIO,Data I/O Corp.
DAKT,Daktronics Inc.
DAL,Delta Air Lines Inc.
DAN,Dana Holding Corp.
DAR,Darling International Inc.
DATA,Tableau Software Inc
DAVE,Famous Dave's of America Inc.
DBD,Diebold Inc.
DCI,Donaldson Co. Inc.
DCO,Ducommun Inc.
DCOM,Dime Community Bancshares
DCT,DCT Industrial Trust Inc.
DCTH,Delcath Systems Inc.
DD,E.I. DuPont de Nemours & Co.
DDD,3D Systems Corporation
DDE,Dover Downs Gaming & Entertainment Inc.
DDR,Developers Diversified Realty Corp.
DDS,Dillard's Inc.
DE,Deere & Co.
DEA,EASTERLY GOVT PPTYS INC
DECK,Deckers Outdoor Corp.
DEI,Douglas Emmett Inc.
DEL,Deltic Timber Corp.
DENN,Denny's Corp.
DEPO,DepoMed Inc.
DERM,DERMIRA INC
DEST,Destination Maternity Corp.
DF,Dean Foods Co.
DFBG,Differential Brands Group In
DFIN,DONNELLEY FINL SOLUTIONS INC
DFRG,DEL FRISCOS RESTAURANT GROUP
DFS,Discover Financial Services
DFT,Dupont Fabros Technology Inc.
DG,DOLLAR GEN CORP NEW
DGAS,Delta Natural Gas Co. Inc.
DGI,DIGITALGLOBE INC
DGICA,Donegal Group Inc.
DGII,Digi International Inc.
DGLY,Digital Ally Inc.
DGSE,DGSE Cos. Inc.
DGX,Quest Diagnostics Inc.
DHI,D.R. Horton Inc.
DHIL,Diamond Hill Investment Group Inc.
DHR,Danaher Corp.
DHX,Dice Holdings Inc.
DIN,DineEquity Inc.
DIOD,Diodes Inc.
DIS,Walt Disney Co.
DISCA,Discovery Communications Inc.
DISH,DISH Network Corp.
DK,Delek US Holdings Inc.
DKL,DELEK LOGISTICS PARTNERS LP
DKS,Dick's Sporting Goods Inc.
DLA,Delta Apparel Co.
DLB,Dolby Laboratories Inc.
DLHC,DLH Hldgs Corp
DLR,Digital Realty Trust Inc.
DLTH,DULUTH HLDGS INC
DLTR,Dollar Tree Inc.
DLX,Deluxe Corp.
DM,DOMINION MIDSTREAM PARTNERS LP
DMLP,Dorchester Minerals L.P.
DMRC,Digimarc Corp.
DMTX,DIMENSION THERAPEUTICS INC
DNAI,PRONAI THERAPEUTICS INC
DNB,Dun & Bradstreet Corp.
DNKN,DUNKIN BRANDS GROUP INC
DNOW,Now Inc.
DNR,Denbury Resources Inc.
DO,Diamond Offshore Drilling Inc.
DOC,PHYSICIANS RLTY TR
DORM,Dorman Products Inc.
DOV,Dover Corp.
DOW,Dow Chemical Co.
DPLO,DIPLOMAT PHARMACY INC
DPM,DCP Midstream Partners L.P.
DPRX,DIPEXIUM PHARMACEUTICALS INC
DPS,Dr Pepper Snapple Group Inc.
DPW,Digital Power Corp.
DPZ,Domino's Pizza Inc.
DRAD,Digirad Corp.
DRAM,Dataram Corp.
DRE,Duke Realty Corp.
DRH,Diamondrock Hospitality Co.
DRI,Darden Restaurants Inc.
DRNA,DICERNA PHARMACEUTICALS INC
DRQ,Dril-Quip Inc.
DRRX,Durect Corp.
DS,Drive Shack Inc
DSCI,Derma Sciences Inc.
DSPG,DSP Group Inc.
DSS,Document Sec Sys Inc
DST,DST Systems Inc.
DSW,DSW Inc.
DTE,DTE Energy Co.
DTLK,Datalink Corp.
DUK,Duke Energy Corp.
DV,DeVry Inc.
DVA,DaVita Inc.
DVAX,Dynavax Technologies Corp.
DVCR,Diversicare Healthcare Svcs
DVD,Dover Motorsports Inc.
DVN,Devon Energy Corp.
DW,Drew Industries Inc.
DWCH,Datawatch Corp.
DWSN,Dawson Geophysical Co New
DX,Dynex Capital Inc.
DXCM,DexCom Inc.
DXLG,Casual Male Retail Group Inc.
DXPE,DXP Enterprises Inc.
DXTR,Dextera Surgical Inc
DXYN,Dixie Group Inc.
DY,Dycom Industries Inc.
DYN,Dynegy Inc.
DZSI,Dasan Zhone Solutions Inc
EA,Electronic Arts Inc.
EACIQ,Erickson Air Crane Inc
EARN,ELLINGTON RESIDENTIAL MTG RE
EAT,Brinker International Inc.
EBAY,eBay Inc.
EBF,Ennis Inc.
EBIO,ELEVEN BIOTHERAPEUTICS INC
EBIX,Ebix Inc.
EBMT,EAGLE BANCORP MONT INC
EBS,Emergent Biosolutions Inc.
EBSB,Meridian Interstate Bancorp Inc.
EBTC,Enterprise Bancorp Inc.
ECHO,ECHO GLOBAL LOGISTICS INC
ECL,Ecolab Inc.
ECOL,American Ecology Corp.
ECOM,CHANNELADVISOR CORP
ECPG,Encore Capital Group Inc.
ECR,ECLIPSE RES CORP
ECYT,ENDOCYTE INC
ED,Consolidated Edison Inc.
EDE,Empire District Electric Co.
EDGE,EDGE THERAPEUTICS INC
EDGW,Edgewater Technology Inc.
EDIT,Editas Medicine Inc
EDR,Education Realty Trust Inc.
EDUC,Educational Development Corp.
EE,El Paso Electric Co.
EEFT,Euronet Worldwide Inc.
EEI,Ecology & Environment Inc.
EEP,Enbridge Energy Partners L.P.
EEQ,Enbridge Energy Management L.L.C.
EFC,ELLINGTON FINANCIAL LLC
EFII,Electronics for Imaging Inc.
EFOI,Energy Focus Inc.
EFSC,Enterprise Financial Services Corp.
EFX,Equifax Inc.
EGAN,eGain Communications Corp.
EGAS,Energy West Inc.
EGBN,Eagle Bancorp Inc.
EGHT,8X8 Inc.
EGL,ENGILITY HLDGS INC
EGLE,Eagle Bulk Shipping Inc
EGLT,EGALET CORP
EGN,Energen Corp.
EGOV,NIC Inc.
EGP,EastGroup Properties Inc.
EGRX,EAGLE PHARMACEUTICALS INC
EGT,Elixir Gaming Technologies Inc.
EGY,Vaalco Energy Inc.
EHTH,eHealth Inc.
EIG,Employers Holdings Inc.
EIGI,ENDURANCE INTL GROUP HLDGS INC
EIGR,Eiger Biopharmaceuticals Inc
EIX,Edison International
EL,Estee Lauder Co. Inc.
ELF,E L F BEAUTY INC
ELGX,Endologix Inc.
ELLI,ELLIE MAE INC
ELMD,ELECTROMED INC
ELNK,EarthLink Inc.
ELON,Echelon Corp.
ELS,Equity Lifestyle Properties Inc.
ELY,Callaway Golf Co.
EMAN,eMagin Corp.
EMCI,EMC Insurance Group Inc.
EME,EMCOR Group Inc.
EMES,EMERGE ENERGY SVCS LP
EMG,IMPERIAL HLDGS INC
EMKR,Emcore Corp.
EML,Eastern Co.
EMMS,Emmis Communications Corp
EMN,Eastman Chemical Co.
EMR,Emerson Electric Co.
ENBL,ENABLE MIDSTREAM PARTNERS LP
ENDP,Endo Pharmaceuticals Holdings Inc.
ENFC,ENTEGRA FINL CORP
ENG,ENGlobal Corp.
ENH,Endurance Specialty Holdings Ltd.
ENLC,Enlink Midstream LLC
ENLK,ENLINK MIDSTREAM PARTNERS LP
ENOC,EnerNOC Inc.
ENPH,ENPHASE ENERGY INC
ENR,ENERGIZER HLDGS INC NEW
ENS,EnerSys Inc.
ENSG,Ensign Group Inc.
ENT,GLOBAL EAGLE ACQUISITION COR
ENTA,ENANTA PHARMACEUTICALS INC
ENTG,Entegris Inc.
ENTL,ENTELLUS MED INC
ENV,ENVESTNET INC
ENVA,Enova International Inc.
ENZ,Enzo Biochem Inc.
ENZN,Enzon Pharmaceuticals Inc.
EOG,EOG Resources Inc.
EPAM,Epam Sys Inc
EPAY,Bottomline Technologies Inc.
EPC,Edgewell Pers Care Co
EPD,Enterprise Products Partners L.P.
EPE,EP ENERGY CORP
EPM,Evolution Petroleum Corp.
EPR,Entertainment Properties Trust
EPZM,EPIZYME INC
EQBK,EQUITY BANCSHARES INC
EQC,CommonWealth REIT
EQGP,EQT GP HLDGS LP
EQIX,Equinix Inc.
EQM,EQT MIDSTREAM PARTNERS LP
EQR,Equity Residential
EQS,EQUUS TOTAL RETURN INC
EQT,EQT Corp.
EQY,Equity One Inc.
ERA,ERA GROUP INC
ERBA,Ivax Diagnostics Inc.
ERIE,Erie Indemnity Co.
ERII,Energy Recovery Inc.
ERS,EMPIRE RES INC DEL
ES,Eversource Energy
ESCA,Escalade Inc.
ESE,ESCO Technologies Inc.
ESGR,Enstar Group Ltd.
ESIO,Electro Scientific Industries Inc.
ESL,Esterline Technologies Corp.
ESMC,Escalon Medical Corp.
ESNC,Ensync Inc
ESND,Essendant Inc
ESP,Espey Manufacturing & Electronics Corp.
ESPR,ESPERION THERAPEUTICS INC NE
ESRT,EMPIRE ST RLTY TR INC
ESRX,Express Scripts Inc.
ESS,Essex Property Trust Inc.
ESSA,ESSA Bancorp Inc.
ETE,Energy Transfer Equity L.P.
ETFC,E*TRADE Financial Corp.
ETH,Ethan Allen Interiors Inc.
ETM,Entercom Communications Corp.
ETN,Eaton Corp.
ETP,Energy Transfer Partners L.P.
ETR,Entergy Corp.
ETRM,EnteroMedics Inc.
ETSY,ETSY INC
EV,Eaton Vance Corp.
EVA,ENVIVA PARTNERS LP
EVBG,EVERBRIDGE INC
EVBN,Evans Bancorp Inc.
EVBS,Eastern Virginia Bankshares Inc.
EVC,Entravision Communications Corp.
EVEP,EV Energy Partners L.P.
EVER,EVERBANK FINL CORP
EVH,EVOLENT HEALTH INC
EVHC,Envision Healthcare Corp
EVI,EnviroStar Inc.
EVLV,Evine Live Inc
EVOK,Evoke Pharma Inc
EVOL,Evolving Systems Inc.
EVR,Evercore Partners Inc.
EVRI,Everi Hldgs Inc
EW,Edwards Lifesciences Corp.
EWBC,East West Bancorp Inc.
EXA,EXA CORP
EXAC,Exactech Inc.
EXAR,Exar Corp.
EXAS,EXACT Sciences Corp.
EXC,Exelon Corp.
EXEL,Exelixis Inc.
EXLS,ExlService Holdings Inc.
EXP,Eagle Materials Inc.
EXPD,Expeditors International of Washington Inc
EXPE,Expedia Inc.
EXPO,Exponent Inc.
EXPR,EXPRESS INC
EXR,Extra Space Storage Inc.
EXTN,EXTERRAN CORP COM
EXTR,Extreme Networks Inc.
EXXIQ,ENERGY XXI (BERMUDA) LTD
EYEG,EYEGATE PHARMACEUTICALS INC
EYES,SECOND SIGHT MED PRODS INC
EZPW,Ezcorp Inc
F,Ford Motor Co.
FAC,First Acceptance Corp.
FAF,First American Finan
FALC,FalconStor Software Inc.
FANG,DIAMONDBACK ENERGY INC
FARM,Farmer Bros. Co.
FARO,FARO Technologies Inc.
FAST,Fastenal Co.
FATE,FATE THERAPEUTICS INC
FB,FACEBOOK INC
FBC,Flagstar Bancorp Inc.
FBHS,FORTUNE BRANDS HOME & SECURITY INC.
FBIO,Fortress Biotech Inc
FBK,FB FINL CORP
FBNC,First Bancorp (North Carolina)
FBNK,FIRST CONN BANCORP INC MD
FBP,First Bancorp (Puerto Rico)
FBRC,Fbr & Co
FC,Franklin Covey Co.
FCB,FCB FINL HLDGS INC
FCBC,First Community Bancshares Inc. (Nevada)
FCE/A,Forest City Rlty Tr Inc
FCEL,FuelCell Energy Inc.
FCF,First Commonwealth Financial Corp. (Penns)
FCFS,Firstcash Inc
FCH,Felcor Lodging Trust Inc.
FCN,FTI Consulting Inc.
FCNCA,First Citizens Bancshares Inc.
FCPT,FOUR CORNERS PPTY TR INC COM
FCSC,FIBROCELL SCIENCE INC
FCX,Freeport-McMoRan Copper & Gold Inc.
FDC,FIRST DATA CORP NEW
FDEF,First Defiance Financial Corp.
FDML,Federal-Mogul Corp.
FDP,Fresh Del Monte Produce Inc.
FDS,FactSet Research Systems Inc.
FDUS,FIDUS INVT CORP
FDX,FedEx Corp.
FE,FirstEnergy Corp.
FEIM,Frequency Electronics Inc.
FELE,Franklin Electric Co. Inc.
FELP,FORESIGHT ENERGY LP
FENX,FENIX PTS INC
FET,FORUM ENERGY TECHNOLOGIES IN
FEYE,FIREEYE INC
FF,Futurefuel Corporation
FFBC,First Financial Bancorp (Ohio)
FFG,FBL Financial Group Inc.
FFIC,Flushing Financial Corp.
FFIN,First Financial Bankshares Inc.
FFIV,F5 Networks Inc.
FFKT,Farmers Capital Bank Corp.
FFNW,First Financial Northwest Inc.
FGEN,FIBROGEN INC
FGL,FIDELITY & GTY LIFE
FGP,Ferrellgas Partners L.P.
FHB,FIRST HAWAIIAN INC
FHCO,Female Health Co.
FHN,First Horizon National Corp.
FIBK,FIRST INTST BANCSYSTEM INC
FICO,Fair Isaac Corp.
FIG,Fortress Investment Group L.L.C.
FII,Federated Investors Inc.
FINL,Finish Line Inc.
FIS,Fidelity National Information Services Inc.
FISI,Financial Institutions Inc.
FISV,Fiserv Inc.
FIT,FITBIT INC
FITB,Fifth Third Bancorp
FIVE,FIVE BELOW INC
FIVN,FIVE9 INC
FIX,Comfort Systems USA Inc.
FIZZ,National Beverage Corp.
FL,Foot Locker Inc.
FLDM,Fluidigm Corp Del
FLGT,FULGENT GENETICS INC
FLIC,First of Long Island Corp.
FLIR,Flir Systems Inc.
FLKS,FLEX PHARMA INC
FLL,Full House Resorts Inc.
FLO,Flowers Foods Inc.
FLOW,SPX FLOW INC COM
FLR,Fluor Corp.
FLS,Flowserve Corp.
FLT,FLEETCOR TECHNOLOGIES INC
FLWS,1-800-FLOWERS.COM Inc.
FLXN,FLEXION THERAPEUTICS INC
FLXS,Flexsteel Industries Inc.
FMBI,First Midwest Bancorp
FMC,FMC Corp.
FMCC,Freddie Mac
FMI,FOUNDATION MEDICINE INC
FMSA,FMSA HLDGS INC
FNB,F.N.B. Corp.
FNBC,FIRST NBC BK HLDG CO
FNCX,Functionx Inc New
FNF,Fidelity National Financial Inc.
FNGN,FINANCIAL ENGINES INC
FNHC,Federated Natl Hldg Co
FNLC,First Bancorp Inc.
FNMA,Fannie Mae
FNSR,Finisar Corp.
FOE,Ferro Corp.
FOGO,FOGO DE CHAO INC
FOLD,Amicus Therapeutics Inc.
FONR,Fonar Corp.
FOR,Forestar Group Inc.
FORD,Forward Industries Inc.
FORM,FormFactor Inc.
FORR,Forrester Research Inc.
FOSL,Fossil Inc.
FOXA,Twenty-First Century Fox
FOXF,FOX FACTORY HLDG CORP
FPI,FARMLAND PARTNERS INC
FPO,First Potomac Realty Trust
FPP,FieldPoint Petroleum Corp.
FPRX,FIVE PRIME THERAPEUTICS INC
FR,First Industrial Realty Trust Inc.
FRAN,FRANCESCAS HLDGS CORP
FRBK,Republic First Bancorp Inc.
FRC,FIRST REP BK SAN FRAN CALI N
FRD,Friedman Industries Inc.
FRED,Fred's Inc.
FRGI,Fiesta Restaurant Group Inc
FRME,First Merchants Corp.
FRP,Fairpoint Communication
FRPH,FRP Hldgs Inc
FRPT,FRESHPET INC
FRSH,PAPA MURPHYS HLDGS INC
FRT,Federal Realty Investment Trust
FRTA,FORTERRA INC
FSAM,FIFTH STR ASSET MGMT INC
FSB,FRANKLIN FINL NETWORK INC
FSBK,First South Bancorp Inc.
FSC,FIFTH STREET FINANCE CORP
FSIC,FS INVT CORP
FSLR,First Solar Inc.
FSNN,Fusion Telecomm Intl Inc
FSP,Franklin Street Properties Corp.
FSS,Federal Signal Corp.
FSTR,L.B. Foster Co.
FTAI,FORTRESS TRANS INFRST INVS L
FTEK,Fuel Tech Inc.
FTI,FMC Technologies Inc.
FTK,Flotek Industries Inc.
FTNT,FORTINET INC
FTR,Frontier Communications Corp.
FTV,FORTIVE CORP
FUEL,Rocket Fuel Inc
FUL,H.B. Fuller Co.
FULT,Fulton Financial Corp.
FUN,Cedar Fair L.P. Dep Rec
FUNC,First United Corp.
FUSB,First Us Bancshares Inc
FVE,Five Star Quality Care Inc.
FWRD,Forward Air Corp.
FXCM,FXCM INC
G,Genpact Ltd.
GABC,German American Bancorp Inc.
GAIA,Gaia Inc New
GAIN,Gladstone Investment Corp
GALE,Galena Biopharma Inc
GALT,GALECTIN THERAPEUTICS INC
GARS,GARRISON CAP INC
GATX,GATX Corp.
GBCI,Glacier Bancorp Inc.
GBDC,GOLUB CAP BDC INC
GBIM,Globeimmune Inc
GBL,GAMCO Investors Inc.
GBNK,Guaranty Bancorp
GBSND,GREAT BASIN SCIENTIFIC INC
GBT,GLOBAL BLOOD THERAPEUTICS IN
GBX,Greenbrier Cos.
GCAP,GAIN CAP HLDGS INC
GCI,GANNETT CO INC COM
GCO,Genesco Inc.
GCP,GCP APPLIED TECHNOLOGIES INC
GD,General Dynamics Corp.
GDDY,GODADDY INC
GDEN,Golden Entertainment Inc
GDOT,GREEN DOT CORP
GE,General Electric Co.
GECX,Great Elm Cap Group Inc
GEF,Greif Inc.
GEL,Genesis Energy L.P.
GEMP,GEMPHIRE THERAPEUTICS INC
GEN,Genesis Healthcare Inc
GENC,Gencor Industries Inc.
GEOS,OYO Geospace Corp.
GERN,Geron Corp.
GES,Guess? Inc.
GEVO,GEVO INC
GFF,Griffon Corp.
GGG,Graco Inc.
GGP,General Growth Properties Inc.
GHC,Graham Holdings Co.
GHDX,Genomic Health Inc.
GHL,Greenhill & Co. Inc.
GHM,Graham Corp.
GIFI,Gulf Island Fabrication Inc.
GIG,Gigpeak Inc
GIGA,Giga-Tronics Inc.
GIII,G-III Apparel Group Ltd.
GILD,Gilead Sciences Inc.
GIMO,GIGAMON INC
GIS,General Mills Inc.
GK,G&K Services Inc. Cl A
GKOS,GLAUKOS CORP
GLAD,GLADSTONE CAPITAL CO
GLBL,TerraForm Global Inc
GLDD,Great Lakes Dredge & Dock Corp.
GLF,Gulfmark Offshore Inc.
GLP,Global Partners LP
GLPI,Gaming and Leisure Properties
GLPW,GLOBAL POWER EQUIPMENT GRP
GLT,Glatfelter
GLUU,Glu Mobile Inc.
GLW,Corning Inc.
GLYC,GLYCOMIMETICS INC
GM,General Motors Co.
GMAN,GORDMANS STORES INC
GME,GameStop Corp. Cl A
GMED,GLOBUS MED INC
GMO,General Moly Inc.
GMRE,Global Med Reit Inc
GMS,GMS INC
GNC,GNC HLDGS INC
GNCA,GENOCEA BIOSCIENCES INC
GNCMA,General Communication Inc.
GNE,GENIE ENERGY LTD
GNMK,GENMARK DIAGNOSTICS INC
GNOW,American Caresource Holdings Inc.
GNRT,Gener8 Maritime Inc
GNTX,Gentex Corp.
GNVC,GenVec Inc.
GNW,Genworth Financial Inc. Cl A
GOGO,GOGO INC
GOLF,ACUSHNET HOLDINGS CORP
GOOD,Gladstone Commercial Corp.
GOOG,Alphabet Inc Cl-C
GOV,GOVERNMENT PPTYS INCOME TR
GPC,Genuine Parts Co.
GPI,Group 1 Automotive Inc.
GPK,Graphic Packaging Holding Co.
GPN,Global Payments Inc.
GPOR,Gulfport Energy Corp.
GPP,GREEN PLAINS PARTNERS LP
GPRE,Green Plains Renewable Energy Inc.
GPRO,GOPRO INC
GPS,Gap Inc.
GPT,Gramercy Ppty Tr
GRA,W.R. Grace & Co.
GRBK,Green Brick Partners In
GRC,Gorman-Rupp Co.
GRIF,Griffin Land & Nurseries Inc.
GROW,U.S. Global Investors Inc.
GRPN,GROUPON INC
GRUB,GRUBHUB INC
GS,Goldman Sachs Group Inc.
GSAT,Globalstar Inc.
GSB,GlobalSCAPE Inc.
GSBC,Great Southern Bancorp Inc.
GSBD,GOLDMAN SACHS BDC INC
GSIT,GSI Technology Inc.
GST,Gastar Exploration Ltd.
GSVC,NEXT INNOVATION CORP
GT,Goodyear Tire & Rubber Co.
GTLS,Chart Industries Inc.
GTN,Gray Television Inc.
GTXI,GTx Inc.
GTY,Getty Realty Corp.
GUID,Guidance Software Inc.
GV,Goldfield Corp.
GVA,Granite Construction Inc.
GVP,GSE Systems Inc.
GWB,GREAT WESTN BANCORP INC
GWGH,GWG HLDGS INC
GWR,Genesee & Wyo Inc.
GWRE,Guidewire Software Inc
GWRS,Global Wtr Res Inc
GWW,W.W. Grainger Inc.
GXP,Great Plains Inc.
H,HYATT HOTELS CORP
HA,Hawaiian Holdings Inc.
HABT,HABIT RESTAURANTS INC
HAE,Haemonetics Corp.
HAFC,Hanmi Financial Corp.
HAIN,Hain Celestial Group Inc.
HAL,Halliburton Co.
HALL,Hallmark Financial Services Inc.
HALO,Halozyme Therapeutics Inc.
HAR,Harman International Industries Inc.
HAS,Hasbro Inc.
HASI,HANNON ARMSTRONG SUST INFR C
HAWK,Blackhawk Network Hldgs
HAYN,Haynes International Inc.
HBAN,Huntington Bancshares Inc.
HBCP,Home Bancorp Inc.
HBHC,Hancock Holding Co.
HBI,Hanesbrands Inc.
HBIO,Harvard Bioscience Inc.
HBNC,Horizon Bancorp
HCA,HCA HOLDINGS INC
HCAP,HARVEST CAP CR CORP
HCCI,Heritage-Crystal Clean Inc.
HCHC,Hc2 Hldgs Inc
HCI,Hci Group Inc
HCKT,Hackett Group Inc.
HCLP,HI-CRUSH PARTNERS LP
HCN,Health Care REIT Inc.
HCOM,HAWAIIAN TELCOM HOLDCO INC
HCP,HCP Inc.
HCSG,Healthcare Services Group Inc.
HD,Home Depot Inc.
HDNG,Hardinge Inc.
HDP,HORTONWORKS INC
HDS,HD SUPPLY HLDGS INC
HDSN,Hudson Technologies Inc.
HDYN,Hyperdynamics Corp.
HE,Hawaiian Electric Industries Inc.
HEAR,Turtle Beach Corp
HEB,Hemispherx Biopharma Inc
HEES,H&E Equipment Services Inc.
HEI/A,Heico Corp.
HELE,Helen of Troy Corp.
HEOP,Heritage Oaks Bancorp
HEP,Holly Energy Partners L.P.
HES,Hess Corp.
HF,HFF Inc. Cl A
HFBC,HopFed Bancorp Inc.
HFC,HollyFrontier Corporation
HFWA,Heritage Financial Corp.
HGG,HHGregg Inc.
HGT,Hugoton Royalty Trust Un
HH,Hooper Holmes Inc.
HHC,HOWARD HUGHES CORP COM
HHS,Harte-Hanks Inc.
HI,Hillenbrand Inc.
HIBB,Hibbett Sports Inc.
HIFR,INFRAREIT INC
HIG,Hartford Financial Services Group Inc.
HII,HUNTINGTON INGALLS INDS INC
HIIQ,HEALTH INS INNOVATIONS INC
HIL,Hill International Inc.
HIVE,AEROHIVE NETWORKS INC
HIW,Highwoods Properties Inc.
HK,HALCON RESOURCES CORP
HL,Hecla Mining Co.
HLF,Herbalife Ltd.
HLI,HOULIHAN LOKEY INC
HLIT,Harmonic Inc.
HLS,HealthSouth Corp.
HLT,HILTON WORLDWIDE HLDGS INC
HLX,Helix Energy Solutions Group Inc.
HMHC,HOUGHTON MIFFLIN HARCOURT CO
HMN,Horace Mann Educators Corp.
HMNF,HMN Financial Inc.
HMST,Homestreet Inc
HMSY,HMS Holdings Corp.
HMTV,HEMISPHERE MEDIA GROUP INC
HNGR,Hanger Orthopedic Group Inc.
HNH,Handy & Harmann Ltd.
HNI,HNI Corp.
HNR,Harvest Natural Resources In
HNRG,HALLADOR ENERGY COMPANY
HOFT,Hooker Furniture Corp.
HOG,Harley-Davidson Inc.
HOLX,Hologic Inc.
HOMB,Home BancShares Inc.
HOME,AT HOME GROUP INC
HON,Honeywell International Inc.
HONE,HARBORONE BANCORP INC
HOPE,Hope Bancorp Inc
HOS,Hornbeck Offshore Services Inc.
HOV,Hovnanian Enterprises Inc.
HP,Helmerich & Payne Inc.
HPE,HEWLETT PACKARD ENTERPRISE C
HPP,HUDSON PAC PPTYS INC
HPQ,Hp Inc
HPT,Hospitality Properties Trust
HQY,HEALTHEQUITY INC
HR,Healthcare Realty Trust Inc.
HRB,H&R Block Inc.
HRC,Hill-Rom Holdings Inc.
HRG,Zapata Corp.
HRI,Herc Hldgs Inc
HRL,Hormel Foods Corp.
HRS,Harris Corp.
HRT,Arrhythmia Research Technology Inc.
HRTG,HERITAGE INS HLDGS INC
HRZN,Horizon Technology Finance Corp
HSC,Harsco Corp.
HSGX,HISTOGENICS CORP
HSIC,Henry Schein Inc.
HSII,Heidrick & Struggles International Inc.
HSKA,Heska Corp.
HSNI,HSN Inc.
HSON,Hudson Global Inc
HST,Host Hotels & Resorts Inc.
HSTM,HealthStream Inc.
HSY,Hershey Co.
HT,Hersha Hospitality Trust (Cl A)
HTA,HEALTHCARE TR AMER INC
HTBK,Heritage Commerce Corp.
HTBX,HEAT BIOLOGICS INC
HTGC,Hercules Tech Growth
HTGM,HTG MOLECULAR DIAGNOSTICS IN
HTH,Hilltop Holdings Inc.
HTLD,Heartland Express Inc.
HTLF,Heartland Financial USA Inc.
HTM,U.S. Geothermal Inc.
HTZ,Hertz Global Holdings Inc
HUBB,Hubbell Inc.
HUBG,Hub Group Inc.
HUBS,HUBSPOT INC
HUM,Humana Inc.
HUN,Huntsman Corp.
HURC,Hurco Cos.
HURN,Huron Consulting Group Inc.
HUSA,Houston American Energy Corp.
HVT,Haverty Furniture Cos. Inc.
HW,Headwaters Inc.
HWAY,Healthways Inc.
HWBK,Hawthorn Bancshares Inc.
HWCC,Houston Wire & Cable Co.
HWKN,Hawkins Inc.
HXL,Hexcel Corp.
HY,HYSTER YALE MATLS HANDLING
HYH,Halyard Health Inc
HZN,Horizon Global Corp
HZNP,HORIZON PHARMA INC
HZO,MarineMax Inc.
IAC,IAC/InterActiveCorp.
IART,Integra LifeSciences Holdings Corp.
IBCP,Independent Bank Corp. (Michigan)
IBKC,IBERIABANK Corp.
IBKR,Interactive Brokers Group Inc.
IBM,International Business Machines Corp.
IBOC,International Bancshares Corp.
IBP,INSTALLED BLDG PRODS INC
IBTX,INDEPENDENT BK GROUP INC
ICAD,icad Inc.
ICBK,COUNTY BANCORP INC
ICE,IntercontinentalExchange Inc.
ICFI,ICF International Inc.
ICLD,INTERCLOUD SYS INC
ICON,Iconix Brand Group Inc.
ICPT,INTERCEPT PHARMACEUTICALS
ICUI,ICU Medical Inc.
IDA,IDACORP Inc.
IDCC,InterDigital Inc.
IDN,Intelli-Check-Mobilisa  Inc.
IDRA,Idera Pharmaceuticals Inc.
IDSA,Industrial Services of America Inc.
IDSY,I.D. Systems Inc.
IDT,IDT Corp. (Cl B)
IDTI,Integrated Device Technology Inc.
IDXG,Interpace Diagnostics Group
IDXX,IDEXX Laboratories Inc.
IEC,IEC Electronics Corp.
IEP,Icahn Enterprises L.P.
IESC,Ies Hldgs Inc
IEX,IDEX Corp.
IFF,International Flavors & Fragrances Inc.
IFMI,Institutional Finl Mkts Inc
IFON,InfoSonics Corp.
IHC,Independence Holding Co.
III,Information Services Group Inc.
IIIN,Insteel Industries Inc.
IIN,IntriCon Corp.
IIVI,II-VI Inc.
IL,INTRALINKS HLDGS INC
ILG,Ilg Inc
ILMN,Illumina Inc.
IMDZ,IMMUNE DESIGN CORP
IMGN,Immunogen Inc.
IMH,IMPAC MTG HLDGS INC
IMI,Intermolecular Inc
IMKTA,Ingles Mkts Inc
IMMR,Immersion Corp.
IMMU,Immunomedics Inc.
IMMY,IMPRIMIS PHARMACEUTICALS INC
IMN,Imation Corp.
IMPV,IMPERVA INC
IMUC,Immunocellular Therapeutics
INAP,InterNAP Network Services Corp.
INBK,First Internet Banco
INCR,Inc Resh Hldgs Inc
INCY,Incyte Corp.
INDB,Independent Bank Corp.
INFI,Infinity Pharmaceuticals Inc.
INFN,Infinera Corp.
INFU,Infusystems Holdings
INGN,INOGEN INC
INGR,Ingredion Incorporated
INN,SUMMIT HOTEL PPTYS INC
INO,Inovio Biomedical Corp.
INOD,Innodata Isogen Inc.
INOV,INOVALON HLDGS INC
INSG,Inseego Corp
INSM,Insmed Inc.
INST,INSTRUCTURE INC
INSY,INSYS THERAPEUTICS INC NEW
INT,World Fuel Services Corp.
INTC,Intel Corp.
INTL,International Assets Holding Corp.
INTT,Intest Corp.
INTU,Intuit Inc.
INTX,Intersections Inc.
INUV,Inuvo Inc.
INVA,Innoviva Inc
INVE,Identive Group Inc
INVN,INVENSENSE INC
INVT,Inventergy Global Inc
INWK,InnerWorkings Inc.
IO,ION Geophysical Corp.
IONS,Ionis Pharmaceuticals Inc
IOSP,INNOSPEC INC
IOTS,ADESTO TECHNOLOGIES CORP
IP,International Paper Co.
IPAR,Inter Parfums Inc.
IPAS,iPass Inc.
IPCC,Infinity Property & Casualty Corp.
IPDN,PROFESSIONAL DIVERSITY NET
IPG,Interpublic Group of Cos.
IPGP,IPG Photonics Corp.
IPHI,INPHI CORP
IPHS,Innophos Holdings Inc.
IPI,Intrepid Potash Inc.
IPWR,IDEAL PWR INC
IPXL,IMPAX LABORATORIES I
IQNT,INTELIQUENT INC
IRBT,iRobot Corp.
IRDM,IRIDIUM COMMUNICATIONS INC
IRET,Investors Real Estate Trust
IRG,IGNITE RESTAURANT GROUP INC
IRIX,Iridex Corp.
IRM,Iron Mountain Inc.
IRMD,IRADIMED CORP
IRT,INDEPENDENCE RLTY TR INC
IRTC,IRHYTHM TECHNOLOGIES INC
IRWD,IRONWOOD PHARMACEUTICALS INC
ISBC,Investors Bancorp Inc.
ISCA,International Speedway Corp.
ISIG,Insignia Systems Inc.
ISIL,Intersil Corp. Cl A
ISLE,Isle of Capri Casinos Inc.
ISNS,Image Sensing Systems Inc.
ISR,IsoRay Inc.
ISRG,Intuitive Surgical Inc.
ISRL,Isramco Inc.
ISSC,Innovative Solutions & Support Inc.
ISTR,INVESTAR HLDG CORP
IT,Gartner Inc.
ITEK,INOTEK PHARMACEUTICALS CORP
ITG,Investment Technology Group Inc.
ITGR,Integer Hldgs Corp
ITI,Iteris Inc.
ITIC,Investors Title Co.
ITRI,Itron Inc.
ITT,Itt Inc
ITUS,Copytele Inc.
ITW,Illinois Tool Works Inc.
IVAC,Intevac Inc.
IVC,Invacare Corp.
IVR,INVESCO MORTGAGE CAPITAL INC
IVTY,INVUITY INC
IVZ,INVESCO Ltd.
IXYS,IXYS Corp.
JACK,Jack in the Box Inc.
JAGX,JAGUAR ANIMAL HEALTH INC
JAKK,JAKKS Pacific Inc.
JAX,J Alexanders Hldgs Inc
JBHT,J.B. Hunt Transport Services Inc.
JBL,Jabil Circuit Inc.
JBLU,JetBlue Airways Corp.
JBSS,John B. Sanfilippo & Son Inc.
JBT,John Bean Technologies Corp.
JCAP,JERNIGAN CAP INC
JCI,Johnson Ctls Intl Plc
JCOM,j2 Global Communications Inc.
JCP,J.C. Penney Co. Inc.
JCS,Communications Systems Inc.
JEC,Jacobs Engineering Group Inc.
JGWE,JGWPT HLDGS INC
JIVE,JIVE SOFTWARE INC
JJSF,J&J Snack Foods Corp.
JKHY,Jack Henry & Associates Inc.
JLL,Jones Lang LaSalle Inc.
JMBA,Jamba Inc.
JMP,JMP Group Corp.
JNJ,Johnson & Johnson
JNP,Juniper Pharmaceuticals Inc
JNPR,Juniper Networks Inc.
JNS,Janus Capital Group Inc.
JOB,Gee Group Inc
JOE,St. Joe Co.
JONE,JONES ENERGY INC
JOUT,Johnson Outdoors Inc.
JOY,Joy Global Inc.
JPEP,JP ENERGY PARTNERS LP
JPM,JPMorgan Chase & Co.
JSDA,Jones Soda Co.
JUNO,JUNO THERAPEUTICS INC
JVA,Coffee Holding Co. Inc.
JW/A,John Wiley & Sons Inc.
JWN,Nordstrom Inc.
JYNT,JOINT CORP
K,Kellogg Co.
KAI,Kadant Inc.
KALU,Kaiser Aluminum Corp.
KALV,Kalvista Pharmaceuticals Inc
KAMN,Kaman Corp.
KAR,KAR AUCTION SVCS INC
KATE,Kate Spade & Co
KBAL,Kimball International Inc.
KBH,KB Home
KBR,KBR Inc.
KCAP,KCAP FINL INC
KCLI,Kansas City Life Ins Co
KDMN,KADMON HLDGS LLC
KE,KIMBALL ELECTRONICS INC
KELYA,Kelly Services Inc.
KEM,KEMET CORP
KEQU,Kewaunee Scientific Corp.
KERX,Keryx Biopharmaceuticals Inc.
KEX,Kirby Corp.
KEY,KeyCorp
KEYS,KEYSIGHT TECHNOLOGIES INC
KEYW,KEYW HLDG CORP
KFRC,Kforce Inc.
KFY,Korn/Ferry International
KHC,Kraft Heinz Company
KIM,Kimco Realty Corp.
KIN,Kindred Biosciences Inc
KIRK,Kirkland's Inc.
KITE,KITE PHARMA INC
KLAC,KLA-Tencor Corp.
KLIC,Kulicke & Soffa Industries Inc.
KLXI,KLX INC
KMB,Kimberly-Clark Corp.
KMG,KMG Chemicals Inc.
KMI,KINDER MORGAN INC DEL
KMPH,KEMPHARM INC
KMPR,Kemper Corp Del
KMT,Kennametal Inc.
KMX,CarMax Inc.
KN,Knowles Corp.
KND,Kindred Healthcare Inc.
KNL,Knoll Inc.
KNSL,KINSALE CAP GROUP INC
KNX,Knight Transportation Inc.
KO,Coca-Cola Co.
KODK,EASTMAN KODAK CO
KONA,Kona Grill Inc.
KOOL,ThermoGenesis Corp.
KOP,Koppers Holdings Inc.
KOPN,Kopin Corp.
KOSS,Koss Corp.
KR,Kroger Co.
KRA,KRATON PERFORMANCE POLYMERS
KRC,Kilroy Realty Corp.
KRG,Kite Realty Group Trust
KRNY,Kearny Financial Corp.
KRO,Kronos Worldwide Inc.
KS,KapStone Paper & Packaging Corp.
KSS,Kohl's Corp.
KSU,Kansas City Southern
KTCC,Key Tronic Corp.
KTEC,Key Technology Inc.
KTOS,Kratos Defense & Security Solutions Inc.
KTWO,K2m Group Hldgs Inc
KURA,KURA ONCOLOGY INC
KVHI,KVH Industries Inc.
KW,KENNEDY-WILSON HLDGS INC
KWR,Quaker Chemical Corp.
L,Loews Corp.
LABL,Multi-Color Corp.
LAD,Lithia Motors Inc.
LADR,LADDER CAP CORP
LAKE,Lakeland Industries Inc.
LAMR,Lamar Advertising Co.
LANC,Lancaster Colony Corp.
LAND,GLADSTONE LD CORP
LAWS,Lawson Products Inc.
LAYN,Layne Christensen Co.
LAZ,Lazard Ltd.
LB,L Brands Inc.
LBAI,Lakeland Bancorp Inc.
LBRDA,LIBERTY BROADBAND CORP
LBY,Libbey Inc.
LCI,Lannett Co. Inc.
LCUT,Lifetime Brands Inc.
LDL,Lydall Inc.
LDOS,Leidos Holdings Inc.
LDR,Landauer Inc.
LE,LANDS END INC
LEA,Lear Corp
LECO,Lincoln Electric Holdings Inc.
LEE,Lee Enterprises Inc.
LEG,Leggett & Platt Inc.
LEI,Lucas Energy Inc.
LEN,Lennar Corp.
LEXEA,LIBERTY EXPEDIA HOLDINGS
LFGR,Leaf Group Ltd
LFUS,Littelfuse Inc.
LFVN,LIFEVANTAGE CORP
LGCY,Legacy Reserves L.P.
LGF.B,LIONS GATE ENTMNT CORP
LGND,Ligand Pharmaceuticals Inc.
LH,Laboratory Corp. of America Holdings
LHCG,LHC Group
LHO,LaSalle Hotel Properties
LIFE,ATYR PHARMA INC
LII,Lennox International Inc.
LIME,Lime Energy Co.
LINC,Lincoln Educational Services Corp.
LION,Fidelity Southern Corp.
LIOX,Lionbridge Technologies Inc.
LITE,LUMENTUM HLDGS INC COM
LKFN,Lakeland Financial Corp.
LKQ,LKQ Corp.
LKSD,LSC COMMUNICATIONS INC
LL,Lumber Liquidators Inc.
LLL,L-3 Communications Holdings Inc.
LLNW,Limelight Networks Inc.
LLTC,Linear Technology Corp.
LLY,Eli Lilly & Co.
LM,Legg Mason Inc.
LMAT,LeMaitre Vascular Inc.
LMCA,Liberty Media Coproration
LMIA,LMI Aerospace Inc.
LMNR,LIMONEIRA CO
LMNX,Luminex Corp.
LMOS,LUMOS NETWORKS CORP
LMRK,LANDMARK INFRASTRUCTURE LP
LMT,Lockheed Martin Corp.
LNC,Lincoln National Corp.
LNCE,Snyder's-Lance Inc.
LNDC,Landec Corp.
LNG,Cheniere Energy Inc.
LNN,Lindsay Corp.
LNT,Alliant Energy Corp.
LNTH,LANTHEUS HLDGS INC
LOB,LIVE OAK BANCSHARES INC
LOCK,LIFELOCK INC
LOCO,EL POLLO LOCO HLDGS INC
LOGM,LOGMEIN INC
LOPE,Grand Canyon Education Inc.
LORL,Loral Space & Communications Ltd.
LOV,Spark Networks Inc.
LOW,Lowe's Cos.
LOXO,Loxo Oncology Inc
LPG,Dorian Lpg Ltd
LPI,LAREDO PETE HLDGS INC
LPLA,LPL INVT HLDGS INC
LPNT,LifePoint Hospitals Inc.
LPSN,LivePerson Inc.
LPT,Liberty Property Trust
LPTH,Lightpath Technologies Inc. Cl A
LPX,Louisiana-Pacific Corp.
LQDT,Liquidity Services Inc.
LRAD,American Technology Corp.
LRCX,Lam Research Corp.
LRN,K12 Inc.
LSBG,Lake Sunapee Bk Group
LSCC,Lattice Semiconductor Corp.
LSCG,LIGHTING SCIENCE GROUP CORP
LSI,Life Storage Inc
LSTR,Landstar System Inc.
LSXMA,Liberty Siriusxm Grp-A
LTC,LTC Properties Inc.
LTRPA,LIBERTY TRIPADVISOR HLDGS IN
LTRX,Lantronix Inc.
LTS,Ladenburg Thalmann Financial Services Inc.
LTXB,Legacy Tex Finl Group Inc
LUB,Luby's Inc.
LUK,Leucadia National Corp.
LUNA,Luna Innovations Inc.
LUV,Southwest Airlines Co.
LVLT,Level 3 Communications Inc.
LVNTA,Liberty Interactive Corp
LVS,Las Vegas Sands Corp.
LW,LAMB WESTON HLDGS INC
LWAY,Lifeway Foods Inc.
LXP,Lexington Realty Trust
LXRX,Lexicon Pharmaceuticals Inc.
LXU,LSB Industries Inc.
LYTS,LSI Industries Inc.
LYV,Live Nation Inc.
LZB,La-Z-Boy Inc.
M,Macy's Inc.
MA,MasterCard Inc. Cl A
MAA,Mid-America Apartment Communities Inc.
MAC,Macerich Co.
MACK,MERRIMACK PHARMACEUTICALS IN
MAIN,MAIN STREET CAPITAL CORP
MAN,Manpower Inc.
MANH,Manhattan Associates Inc.
MANT,ManTech International Corp.
MAR,Marriott International Inc. Cl A
MARK,Remark Media Inc
MAS,Masco Corp.
MASI,Masimo Corp.
MAT,Mattel Inc.
MATN,Mateon Therapeutics Inc
MATR,Mattersight Corp
MATW,Matthews International Corp. Cl A
MATX,Matson Inc
MB,MINDBODY INC
MBFI,MB Financial Inc.
MBI,MBIA Inc.
MBII,MARRONE BIO INNOVATIONS INC
MBLX,Metabolix Inc.
MBOT,Microbot Med Inc
MBRG,Middleburg Financial Corp.
MBTF,M B T Financial Corp.
MBUU,MALIBU BOATS INC
MBVT,Merchants Bancshares Inc. (Vermont)
MBVX,Telik Inc.
MBWM,Mercantile Bank Corp.
MC,MOELIS & CO
MCBC,Macatawa Bank Corp.
MCC,MEDLEY CAP CORP
MCD,McDonald's Corp.
MCEP,MID CON ENERGY PARTNERS LP
MCF,Contango Oil & Gas Co.
MCFT,MCBC HLDGS INC
MCHP,Microchip Technology Inc.
MCHX,Marchex Inc.
MCK,McKesson Corp.
MCO,Moody's Corp.
MCRB,SERES THERAPEUTICS INC
MCRI,Monarch Casino & Resort Inc.
MCRN,MILACRON HLDGS CORP
MCS,Marcus Corp.
MCY,Mercury General Corp.
MD,Mednax Inc.
MDC,M.D.C. Holdings Inc.
MDCO,Medicines Co.
MDGL,Madrigal Pharmaceuticals Inc
MDLY,MEDLEY MGMT INC
MDLZ,Mondelez International Inc
MDP,Meredith Corp.
MDR,McDermott International Inc.
MDRX,Allscripts-Misys Healthcare Solutions Inc.
MDSO,MEDIDATA SOLUTIONS INC
MDU,MDU Resources Group Inc.
MDXG,MiMedx Group Inc
MED,Medifast Inc.
MEDP,MEDPACE HLDGS INC
MEET,Meetme Inc
MEG,MEDIA GEN INC NEW
MEI,Methode Electronics Inc.
MEIP,MEI PHARMA INC
MEMP,MEMORIAL PRODTN PARTNERS LP
MENT,Mentor Graphics Corp.
MEP,MIDCOAST ENERGY PARTNERS L P
MET,MetLife Inc.
MFA,MFA Financial Inc.
MFIN,Medallion Financial Corp.
MFRI,MFRI Inc.
MFS,MANITOWOC FOODSERVICE INC
MFSF,MutualFirst Financial Inc.
MG,MISTRAS GROUP INC
MGCD,Mgc Diagnostics Corp
MGEE,MGE Energy Inc.
MGI,MoneyGram International Inc.
MGLN,Magellan Health Services Inc.
MGM,MGM MIRAGE
MGNX,Macrogenics Inc
MGP,Mgm Growth Pptys Llc
MGPI,MGP Ingredients Inc.
MGRC,McGrath RentCorp
MHH,Mastech Holdings Inc.
MHK,Mohawk Industries Inc.
MHLD,Maiden Holdings Ltd.
MHO,M/I Homes Inc.
MIDD,Middleby Corp.
MIK,MICHAELS COS INC
MIND,Mitcham Industries Inc.
MINI,Mobile Mini Inc.
MIRN,Mirna Therapeutics Inc
MITK,Mitek Systems Inc.
MITT,AG Mortgage Investment Trust
MJN,Mead Johnson Nutrition Co.
MKC,McCormick & Co. Inc.
MKL,Markel Corp.
MKSI,MKS Instruments Inc.
MKTX,MarketAxess Holdings Inc.
MLAB,Mesa Laboratories Inc.
MLHR,Herman Miller Inc.
MLI,Mueller Industries Inc.
MLM,Martin Marietta Materials Inc.
MLNK,ModusLink Global Solutions Inc.
MLP,Maui Land & Pineapple Co. Inc.
MLR,Miller Industries Inc.
MMC,Marsh & McLennan Cos.
MMI,Marcus & Millichap Inc
MMLP,Martin Midstream Partners L.P.
MMM,3M Co.
MMP,Magellan Midstream Partners L.P.
MMRF,MMRGLOBAL INC COM
MMS,Maximus Inc.
MMSI,Merit Medical Systems Inc.
MN,MANNING & NAPIER INC
MNGA,MAGNEGAS CORP
MNI,Mcclatchy Co
MNKD,MannKind Corp.
MNOV,MediciNova Inc.
MNR,Monmouth Real Estate Investment Corp. Cl
MNRO,Monro Muffler Brake Inc.
MNST,Monster Beverage Corp
MNTA,Momenta Pharmaceuticals Inc.
MNTX,Manitex International Inc.
MO,Altria Group Inc.
MOBL,MOBILEIRON INC
MOC,Command Security Corp.
MOCO,MOCON Inc.
MOD,Modine Manufacturing Co.
MODN,MODEL N INC
MOFG,MidWestOne Financial Group Inc.
MOG/A,Moog Inc.
MOH,Molina Healthcare Inc.
MON,Monsanto Co.
MORE,MONOGRAM RESIDENTIAL TR INC
MORN,Morningstar Inc.
MOS,Mosaic Co.
MOSY,MoSys Inc.
MOV,Movado Group Inc.
MPAA,Motorcar Parts of America Inc.
MPC,Marathon Petroleum Corp.
MPET,Magellan Petroleum Corp.
MPG,Metaldyne Performance Group Inc.
MPLX,MPLX LP
MPSX,MULTI PACKAGING SOLUTIONS IN
MPW,Medical Properties Trust Inc.
MPWR,Monolithic Power Systems Inc.
MPX,Marine Products Corp.
MRAM,EVERSPIN TECHNOLOGIES INC
MRC,MRC GLOBAL INC
MRCC,MONROE CAP CORP
MRCY,Mercury Computer Systems Inc.
MRIN,MARIN SOFTWARE INC
MRK,Merck & Co. Inc.
MRLN,Marlin Business Services Corp.
MRNS,MARINUS PHARMACEUTICALS INC
MRO,Marathon Oil Corp.
MRT,MEDEQUITIES RLTY TR INC
MRTN,Marten Transport Ltd.
MRVL,Marvell Technology Group Ltd.
MS,Morgan Stanley
MSA,Mine Safety Appliances Co.
MSBI,MIDLAND STS BANCORP INC ILL
MSCC,Microsemi Corp.
MSCI,MSCI Inc.
MSDI,MONSTER DIGITAL INC
MSEX,Middlesex Water Co.
MSFG,MainSource Financial Group Inc.
MSFT,Microsoft Corp.
MSG,MADISON SQUARE GARDEN CO NEW
MSGN,Msg Network Inc
MSI,Motorola Solutions
MSL,MidSouth Bancorp Inc.
MSM,MSC Industrial Direct Co.
MSN,Emerson Radio Corp.
MSON,Misonix Inc.
MSTR,MicroStrategy Inc.
MSTX,ADVENTRX Pharmaceuticals Inc.
MTB,M&T Bank Corp.
MTBC,MEDICAL TRANSCRIPTION BLG CO
MTCH,MATCH GROUP INC
MTD,Mettler-Toledo International Inc.
MTDR,Matador Res Co
MTEX,Mannatech Inc.
MTG,MGIC Investment Corp.
MTGE,Mtge Invt Corp
MTH,Meritage Homes Corp.
MTN,Vail Resorts Inc.
MTOR,Meritor Inc
MTRN,Materion Corp
MTRX,Matrix Service Co.
MTSC,MTS Systems Corp.
MTSI,MA COM TECHNOLOGY SOLUTIONS
MTW,Manitowoc Co.
MTX,Minerals Technologies Inc.
MTZ,MasTec Inc.
MU,Micron Technology Inc.
MUR,Murphy Oil Corp.
MUSA,Murphy Usa Inc
MVC,Mvc Cap
MVIS,Microvision Inc.
MWA,Mueller Water Products Inc.
MXC,Mexco Energy Corp.
MXIM,Maxim Integrated Products Inc.
MXL,MAXLINEAR INC
MXPT,MAXPOINT INTERACTIVE INC
MXWL,Maxwell Technologies Inc.
MYCC,CLUBCORP HLDGS INC
MYE,Myers Industries Inc.
MYGN,Myriad Genetics Inc.
MYOK,MYOKARDIA INC
MYRG,MYR Group Inc.
NAII,Natural Alternatives International Inc.
NAME,RIGHTSIDE GROUP LTD
NANO,Nanometrics Inc.
NANX,Nanophase Technologies Corp.
NATH,Nathan's Famous Inc.
NATI,National Instruments Corp.
NATR,NATURES SUNSHINE PRO
NAV,Navistar International Corp.
NAVB,Navidea Biopharmaceuticals
NAVG,Navigators Group Inc.
NAVI,Navient Corp
NBHC,NATIONAL BK HLDGS CORP
NBIX,Neurocrine Biosciences Inc.
NBL,Noble Energy Inc.
NBLX,NOBLE MIDSTREAM PARTNERS LP
NBR,Nabors Industries Ltd.
NBTB,NBT Bancorp Inc.
NBY,NovaBay Pharmaceuticals Inc.
NC,NACCO Industries Inc.
NCI,Navigant Consulting Inc.
NCIT,NCI Inc.
NCLH,NORWEGIAN CRUISE LINE HLDGS
NCMI,National CineMedia Inc.
NCOM,NATIONAL COMM CORP
NCR,NCR Corp.
NCS,NCI Building Systems Inc.
NDAQ,NASDAQ OMX Group Inc.
NDLS,NOODLES & CO
NDRO,ENDURO RTY TRUST
NDSN,Nordson Corp.
NEE,FPL Group Inc.
NEFF,NEFF CORP
NEM,Newmont Mining Corp.
NEO,NeoGenomics Inc
NEOG,Neogen Corp.
NEOS,Neos Therapeutics Inc
NEOT,Neothetics Inc
NEP,NEXTERA ENERGY PARTNERS LP
NERV,MINERVA NEUROSCIENCES INC
NESC,Nuverra Environmental Solutions
NETE,Net Element Inc
NEU,NewMarket Corp.
NEWM,NEW MEDIA INVT GROUP INC
NEWR,NEW RELIC INC
NEWS,NewStar Financial Inc.
NEWT,Newtek Business Services Inc.
NFBK,Northfield Bancorp Inc.
NFG,National Fuel Gas Co.
NFLX,Netflix Inc.
NFX,Newfield Exploration Co.
NGHC,NATIONAL GEN HLDGS CORP
NGS,Natural Gas Services Group Inc.
NGVC,NATURAL GROCERS BY VITAMIN C
NGVT,INGEVITY CORP
NH,Nanthealth Inc
NHC,National Healthcare Corp.
NHI,National Health Investors Inc.
NI,NiSource Inc.
NICK,NICHOLAS FINANCIAL I
NILE,Blue Nile Inc.
NJR,New Jersey Resources Corp.
NK,NANTKWEST INC
NKE,Nike Inc.
NKSH,National Bankshares Inc.
NKTR,Nektar Therapeutics
NL,NL Industries Inc.
NLNK,NEWLINK GENETICS CORP
NLS,Nautilus Inc.
NLST,Netlist Inc.
NLY,Annaly Capital Management Inc.
NMBL,NIMBLE STORAGE INC
NMFC,New Mountain Finance Corp.
NMIH,NMI Holdings Inc.
NMRX,NumereX Corp. Cl A
NNBR,NN Inc.
NNI,Nelnet Inc.
NNN,National Retail Properties Inc.
NOC,Northrop Grumman Corp.
NOG,Northern Oil & Gas Inc.
NOV,National Oilwell Varco Inc.
NOVN,NOVAN INC
NOVT,Novanta Inc
NOW,SERVICENOW INC
NP,Neenah Paper Inc.
NPK,National Presto Industries Inc.
NPO,EnPro Industries Inc.
NPTN,NEOPHOTONICS CORP
NR,Newpark Resources Inc.
NRCIA,NATIONAL RESH CORP
NRCIB,National Research Corp.
NRE,NORTHSTAR REALTY EUROPE CORP COM
NRF,Northstar Realty Finance Corp.
NRG,NRG Energy Inc.
NRIM,Northrim BanCorp Inc.
NRP,Natural Resource Partners L
NRZ,NEW RESIDENTIAL INVT CORP
NS,NuSTAR Energy L.P.
NSA,NATIONAL STORAGE AFFILIATES
NSAM,NORTHSTAR ASSET MGMT GROUP INC.
NSC,Norfolk Southern Corp.
NSH,NuSTAR GP Holdings LLC
NSIT,Insight Enterprises Inc.
NSP,Insperity Inc
NSR,NeuStar Inc.
NSSC,NAPCO Security Technologies Inc.
NSTG,NANOSTRING TECHNOLOGIES INC
NTAP,NetApp Inc.
NTCT,NetScout Systems Inc.
NTGR,NETGEAR Inc.
NTIC,Northern Technologies International Corp.
NTLA,INTELLIA THERAPEUTICS INC
NTN,Ntn Buzztime Inc
NTNX,NUTANIX INC
NTRA,NATERA INC
NTRI,NutriSystem Inc.
NTRS,Northern Trust Corp.
NTWK,NetSol Technologies Inc.
NUAN,Nuance Communications Inc.
NUE,Nucor Corp.
NURO,NeuroMetrix Inc.
NUS,Nu Skin Enterprises Inc. Cl A
NUTR,Nutraceutical International Corp.
NUVA,NuVasive Inc.
NVAX,Novavax Inc.
NVCR,NOVOCURE LTD
NVDA,NVIDIA Corp.
NVEC,NVE Corp.
NVLS,Nivalis Therapeutics In
NVR,NVR Inc.
NVRO,NEVRO CORP
NVTA,INVITAE CORP
NVTR,NUVECTRA CORPORATION
NWBI,Northwest Bancorp Inc.
NWBO,Northwest Biotherapeutics Inc.
NWE,NorthWestern Corp.
NWFL,Norwood Financial Corp.
NWHM,NEW HOME CO INC
NWL,Newell Rubbermaid Inc.
NWLI,National Western Life Insurance Co.
NWN,Northwest Natural Gas Co.
NWPX,Northwest Pipe Co.
NWSA,News Corporation
NWY,New York & Co. Inc
NX,Quanex Building Products Corp.
NXRT,NEXPOINT RESIDENTIAL TR INC
NXST,Nexstar Broadcasting Group Inc.
NXTD,NXT-ID
NXTM,NxStage Medical Inc.
NYCB,New York Community Bancorp Inc.
NYMT,New York Mortgage Trust Inc.
NYNY,Empire Resorts Inc.
NYRT,NEW YORK REIT INC
NYT,New York Times Co.
O,Realty Income Corp.
OA,Orbital ATK Inc.
OAK,OAKTREE CAP GROUP LLC
OAKS,FIVE OAKS INVT CORP
OAS,OASIS PETE INC NEW
OB,OneBeacon Insurance Group Ltd.
OBCI,Ocean Bio-Chem Inc.
OBLN,OBALON THERAPEUTICS INC
OC,Owens Corning
OCC,Optical Cable Corp.
OCFC,OceanFirst Financial Corp.
OCIP,OCI PARTNERS LP
OCLR,Bookham Inc.
OCN,Ocwen Financial Corp.
OCRX,Ocera Therapeutics Inc
OCUL,OCULAR THERAPEUTIX INC
OCX,ONCOCYTE CORPORATION
ODC,Oil-Dri Corp. of America
ODFL,Old Dominion Freight Line Inc.
ODP,Office Depot Inc.
OESX,Orion Energy Systems Inc.
OFC,Corporate Office Properties Trust
OFG,Oriental Financial Group Inc.
OFIX,Orthofix International N.V.
OFLX,Omega Flex Inc.
OFS,OFS CAP CORP
OGE,OGE Energy Corp.
OGEN,ORAGENICS INC
OGS,ONE GAS INC
OGXI,OncoGenex Pharmaceuticals Inc.
OHAI,OHA INVT CORP
OHI,Omega Healthcare Investors Inc.
OI,Owens-Illinois Inc.
OII,Oceaneering International Inc.
OIS,Oil States International Inc.
OKE,ONEOK Inc.
OKS,ONEOK Partners L.P.
OKSB,Southwest Bancorp Inc.
OLED,Universal Display Corp.
OLLI,OLLIES BARGAIN OUTLT HLDGS I
OLN,Olin Corp.
OLP,One Liberty Properties Inc.
OMC,Omnicom Group Inc.
OMCL,Omnicell Inc.
OME,Omega Protein Corp.
OMED,ONCOMED PHARMACEUTICALS INC
OMER,OMEROS CORP
OMEX,Odyssey Marine Exploration I
OMF,Onemain Hldgs Inc
OMI,Owens & Minor Inc.
OMN,OMNOVA Solutions Inc.
ON,ON Semiconductor Corporation
ONB,Old National Bancorp
ONCE,SPARK THERAPEUTICS INC
ONDK,ON DECK CAP INC
ONTX,ONCONOVA THERAPEUTICS INC
ONVI,Onvia Inc.
OOMA,OOMA INC
OPGN,OPGEN INC
OPHT,OPHTHOTECH CORP
OPK,Opko Health Inc.
OPOF,Old Point Financial Corp.
OPTT,Ocean Power Technologies Inc.
OPXA,Opexa Therapeutics Inc.
OPY,OPPENHEIMER HLDGS
ORA,Ormat Technologies Inc.
ORBC,ORBCOMM Inc.
ORC,ORCHID IS CAP INC
ORCL,Oracle Corp.
OREX,Orexigen Therapeutics Inc.
ORI,Old Republic International Corp.
ORIT,Oritani Financial Corp.
ORLY,O'Reilly Automotive Inc.
ORM,OWENS RLTY MTG INC
ORN,Orion Marine Group Inc.
OSBC,Old Second Bancorp Inc.
OSG,Overseas Shipholding Gr
OSIR,Osiris Therapeutics Inc.
OSIS,OSI Systems Inc.
OSK,Oshkosh Corp.
OSTK,Overstock.com Inc.
OSUR,OraSure Technologies Inc.
OTIC,OTONOMY INC
OTTR,Otter Tail Corp.
OUT,OUTFRONT Media Inc.
OVAS,OVASCIENCE INC
OXM,Oxford Industries Inc.
OXY,Occidental Petroleum Corp.
OZM,Och-Ziff Capital Management  L.L.C.
OZRK,Bank of The Ozarks Inc.
P,Pandora Media Inc
PAA,Plains All American Pipeline L.P.
PACB,PACIFIC BIOSCIENCES CALIF IN
PACW,PacWest Bancorp
PAG,Penske Automotive Group Inc.
PAGP,PLAINS GP HLDGS L P
PAHC,PHIBRO ANIMAL HEALTH CORP
PANW,PALO ALTO NETWORKS INC
PAR,Par Technology Corp.
PATI,New Patriot Transportation Holding Inc
PATK,Patrick Industries Inc.
PAVM,PAVMED INC
PAY,VeriFone Holdings Inc.
PAYC,PAYCOM SOFTWARE INC
PAYX,Paychex Inc.
PB,Prosperity Bancshares Inc.(R)
PBCT,People's United Financial Inc.
PBF,PBF ENERGY INC
PBFX,PBF LOGISTICS LP
PBH,Prestige Brands Holdings Inc.
PBI,Pitney Bowes Inc.
PBIB,Porter Bancorp Inc.
PBIO,Pressure BioSciences Inc.
PBNC,Paragon Coml Corp
PBPB,POTBELLY CORP
PBSK,POAGE BANKSHARES INC
PBYI,PUMA BIOTECHNOLOGY INC
PCAR,Paccar Inc
PCBK,Pacific Continental Corp.
PCG,PG&E Corp.
PCH,Potlatch Corp. REIT
PCLN,priceline.com Inc.
PCMI,PC Mall Inc.
PCO,Pendrell Corp
PCRX,PACIRA PHARMACEUTICALS INC
PCTI,PC-Tel Inc.
PCTY,PAYLOCITY HLDG CORP
PCYO,Pure Cycle Corp.
PDCE,Petroleum Development Corp.
PDCO,Patterson Cos. Inc.
PDEX,Pro-Dex Inc.
PDFS,PDF Solutions Inc.
PDLI,PDL BioPharma Inc.
PDM,PIEDMONT OFFICE REALTY TR IN
PE,Parsley Energy Inc
PEB,PEBBLEBROOK HOTEL TR
PEBK,Peoples Bancorp of North Carolina Inc.
PEBO,Peoples Bancorp Inc. (Ohio)
PEG,Public Service Enterprise Group Inc.
PEGA,Pegasystems Inc.
PEI,Pennsylvania Real Estate Investment Trust
PEIX,Pacific Ethanol Inc.
PEN,PENUMBRA INC
PENN,Penn National Gaming Inc.
PEP,PepsiCo Inc.
PERY,Perry Ellis International Inc.
PES,Pioneer Drilling Co.
PESI,Perma-Fix Environmental Services Inc.
PETS,PetMed Express Inc.
PETX,ARATANA THERAPEUTICS INC
PF,PINNACLE FOODS INC DEL
PFBC,Preferred Bank Los Angeles
PFBI,Premier Financial Bancorp Inc.
PFE,Pfizer Inc.
PFG,Principal Financial Group Inc.
PFGC,PERFORMANCE FOOD GROUP CO
PFIN,P & F Industries Inc. Cl A
PFLT,PENNANTPARK FLOATING RATE CA
PFMT,PERFORMANT FINL CORP
PFNX,PFENEX INC
PFPT,PROOFPOINT INC
PFS,Provident Financial Services Inc.
PFSI,PENNYMAC FINL SVCS INC
PFSW,PFSweb Inc.
PG,Procter & Gamble Co.
PGC,Peapack-Gladstone Financial Corp.
PGEM,PLY GEM HLDGS INC
PGNX,Progenics Pharmaceuticals Inc.
PGR,Progressive Corp.
PGRE,PARAMOUNT GROUP INC
PGTI,PGT Inc.
PH,Parker Hannifin Corp.
PHH,PHH Corp.
PHIIK,PHI Inc.
PHM,Pulte Homes Inc.
PHMD,PhotoMedex Inc.
PHX,Panhandle Oil & Gas Inc.
PI,IMPINJ INC
PICO,PICO Holdings Inc.
PIH,1347 PPTY INS HLDGS INC
PII,Polaris Industries Inc.
PINC,PREMIER INC
PIOI,P10 Inds Inc
PIP,PharmAthene Inc.
PIR,Pier 1 Imports Inc.
PIRS,PIERIS PHARMACEUTICALS INC
PJC,Piper Jaffray Cos.
PKBK,Parke Bancorp Inc
PKD,Parker Drilling Co.
PKE,Park Electrochemical Corp.
PKG,Packaging Corp. of America
PKI,PerkinElmer Inc.
PKOH,Park-Ohio Holdings Corp.
PKY,PARKWAY INC
PLAB,Photronics Inc.
PLAY,DAVE & BUSTERS ENTMT INC
PLBC,Plumas Bancorp
PLCE,Children's Place Retail Stores Inc.
PLD,ProLogis Inc
PLKI,Popeyes La Kitchen Inc
PLNT,PLANET FITNESS INC
PLOW,DOUGLAS DYNAMICS INC
PLPC,Preformed Line Products Co.
PLSE,PULSE BIOSCIENCES INC
PLT,Plantronics Inc.
PLUG,Plug Power Inc.
PLUS,ePlus Inc.
PLX,PROTALIX BIOTHERAPEU
PLXS,Plexus Corp.
PM,Philip Morris International Inc.
PMBC,Pacific Mercantile Bancorp
PMC,PharMerica Corp.
PMD,Psychemedics Corp.
PMT,PENNYMAC MTG INVT TR
PMTS,CPI CARD GROUP INC
PN,PATRIOT NATL INC
PNC,PNC Financial Services Group Inc.
PNFP,Pinnacle Financial Partners Inc.
PNK,PINNACLE ENTMT INC NEW
PNM,PNM Resources Inc.
PNNT,Pennantpark Invt Corp
PNR,Pentair Inc.
PNRA,Panera Bread Co.
PNW,Pinnacle West Capital Corp.
PODD,Insulet Corp.
POL,PolyOne Corp.
POOL,Pool Corp.
POPE,Pope Resources L.P.
POR,Portland General Electric Co.
POST,Post Holdings Inc
POWI,Power Integrations Inc.
POWL,Powell Industries Inc.
PPBI,Pacific Premier Bancorp Inc.
PPC,PILGRIMS PRIDE CORP NEW
PPG,PPG Industries Inc.
PPHM,Peregrine Pharmaceuticals Inc.
PPL,PPL Corp.
PQ,Petroquest Energy Inc
PRA,ProAssurance Corp.
PRAA,Portfolio Recovery Associates Inc.
PRAH,PRA HEALTH SCIENCES INC
PRCP,Perceptron Inc.
PRFT,Perficient Inc.
PRGS,Progress Software Corp.
PRGX,PRG-Schultz International Inc.
PRI,PRIMERICA INC
PRIM,PRIMORIS SVCS CORP
PRK,Park National Corp.
PRKR,Parkervision Inc.
PRLB,Proto Labs Inc
PRMW,PRIMO WTR CORP
PRO,Pros Holdings Inc.
PROV,Provident Financial Holdings Inc.
PRPH,Prophase Labs Inc
PRSC,The Providence Service Corp.
PRSS,CAFEPRESS INC
PRTK,Paratek Pharmaceuticals Inc
PRTO,PROTEON THERAPEUTICS INC
PRTS,U.S. Auto Parts Network Inc.
PRTY,PARTY CITY HOLDCO INC
PRU,Prudential Financial Inc.
PRXL,PAREXEL International Corp.
PRZM,Prism Technologies Group Inc
PSA,Public Storage
PSB,PS Business Parks Inc.
PSEC,Prospect Capital Corp
PSID,Positiveid Corp
PSIX,POWER SOLUTIONS INTL INC
PSMT,PriceSmart Inc.
PSTG,PURE STORAGE INC
PSX,PHILLIPS 66
PSXP,PHILLIPS 66 PARTNERS LP
PTC,PTC Inc.
PTCT,PTC THERAPEUTICS INC
PTEN,Patterson-UTI Energy Inc.
PTGX,PROTAGONIST THERAPEUTICS INC
PTI,Proteostasis Therapeutics Inc
PTIE,Pain Therapeutics Inc.
PTLA,PORTOLA PHARMACEUTICALS INC
PTN,Palatin Technologies Inc.
PTSI,P.A.M. Transportation Services Inc.
PTX,Pernix Therapeutics
PTXP,PENNTEX MIDSTREAM PARTNERS L
PUB,PEOPLES UTAH BANCORP
PULM,Pulmatrix Inc
PURE,Pure Bioscience
PVBC,PROVIDENT BANCORP INC
PVH,Phillips-Van Heusen Corp.
PVTB,PrivateBancorp Inc.
PW,Pittsburgh & West Virginia Railroad
PWOD,Penns Woods Bancorp Inc.
PWR,Quanta Services Inc.
PX,Praxair Inc.
PXD,Pioneer Natural Resources Co.
PXLW,Pixelworks Inc.
PYPL,PAYPAL HLDGS INC
PZN,Pzena Investment Management Inc.
PZRX,PHASERX INC
PZZA,Papa John's International Inc.
Q,QUINTILES TRANSNATIONAL CORP
QADB,QAD Inc.
QCOM,Qualcomm Inc.
QCP,QUALITY CARE PPTYS INC
QCRH,QCR Holdings Inc.
QDEL,Quidel Corp.
QEP,QEP RES INC
QHC,QUORUM HEALTH CORP
QLYS,QUALYS INC
QNST,QUINSTREET INC
QSII,Quality Systems Inc.
QTM,Quantum Corp.
QTNA,QUANTENNA COMMUNICATIONS INC
QTS,QTS RLTY TR INC
QTWO,Q2 HLDGS INC
QUAD,QUAD GRAPHICS INC
QUIK,QuickLogic Corp.
QUMU,Qumu Corp
QUOT,Quotient Technology Inc
QVCA,Liberty Interactive Corporation QVC Group
R,Ryder System Inc.
RAD,Rite Aid Corp.
RAI,Reynolds American Inc.
RAIL,FreightCar America Inc.
RARE,ULTRAGENYX PHARMACEUTICAL INC
RARX,RA PHARMACEUTICALS INC
RAS,RAIT Financial Trust
RATE,Bankrate Inc
RAVE,Rave Restaurant Group Inc
RAVN,Raven Industries Inc.
RBC,Regal-Beloit Corp.
RBCAA,Republic Bancorp Inc. (Kentucky)
RBCN,Rubicon Technology Inc.
RBPAA,Royal Bancshares of Pennsylvania
RCII,Rent-A-Center Inc.
RCKY,Rocky Brands Inc.
RCL,Royal Caribbean Cruises Ltd.
RCMT,RCM Technologies Inc.
RDC,Rowan Cos. Inc.
RDI,Reading International Inc.
RDN,Radian Group Inc.
RDNT,Radnet Inc.
RE,Everest Re Group Ltd.
RECN,Resources Connection Inc.
REED,Reeds Inc.
REEMF,RARE ELEMENT RES LTD
REFR,Research Frontiers Inc.
REG,Regency Centers Corp.
REGI,Renewable Energy Group
REGN,Regeneron Pharmaceuticals Inc.
REIS,Reis Inc.
RELL,Richardson Electronics Ltd.
RELV,Reliv International Inc.
REN,RESOLUTE ENERGY CORP
REPH,RECRO PHARMA INC
RES,RPC Inc.
RESI,Altisource Residential
RESN,RESONANT INC
RETA,REATA PHARMACEUTICALS INC
REV,Revlon Inc.
REX,Rex Stores Corp.
REXR,REXFORD INDL RLTY INC
REXX,Rex Energy Corp.
RF,Regions Financial Corp.
RFIL,RF Industries Ltd.
RGA,Reinsurance Group of America Inc.
RGC,Regal Entertainment Group
RGCO,RGC Resources Inc.
RGEN,Repligen Corp.
RGLD,Royal Gold Inc.
RGLS,REGULUS THERAPEUTICS INC
RGNX,REGENXBIO INC
RGR,Sturm Ruger & Co.
RGRX,RegeneRX Biopharmaceuticals Inc.
RGS,Regis Corp.
RGSE,Real Goods Solar Inc.
RH,RESTORATION HARDWARE HLDGS I
RHI,Robert Half International Inc.
RHNO,Rhino Resource Partners Lp
RHP,Ryman Hospitality Pptys
RHT,Red Hat Inc.
RICE,RICE ENERGY INC
RICK,Rick's Cabaret International Inc.
RIGL,Rigel Pharmaceuticals Inc.
RJF,Raymond James Financial Inc.
RKDA,ARCADIA BIOSCIENCES INC
RL,Polo Ralph Lauren Corp.
RLH,Red Lion Hotels Corp.
RLI,RLI Corp.
RLJ,RLJ LODGING TR
RLJE,Rlj Entmt Inc
RLOG,Rand Logistics Inc.
RM,REGIONAL MGMT CORP
RMAX,RE MAX HLDGS INC
RMBS,Rambus Inc.
RMD,ResMed Inc.
RMP,RICE MIDSTREAM PARTNERS LP
RMR,RMR GROUP INC
RMTI,Rockwell Medical Technologies Inc.
RNDB,RANDOLPH BANCORP INC
RNET,RIGNET INC
RNG,RINGCENTRAL INC
RNN,Rexahn Pharmaceuticals Inc.
RNR,RenaissanceRe Holdings Ltd.
RNST,Renasant Corp.
RNVA,Rennova Health Inc
RNWK,RealNetworks Inc.
ROCK,Gibraltar Industries Inc.
ROG,Rogers Corp.
ROIAK,Radio One Inc.
ROIC,RETAIL OPPORTUNITY INVTS
ROK,Rockwell Automation Corp.
ROKA,ROKA BIOSCIENCE INC
ROL,Rollins Inc.
ROLL,RBC Bearings Inc.
ROP,Roper Industries Inc.
ROST,Ross Stores Inc.
ROX,Castle Brands Inc.
ROYL,Royale Energy Inc.
ROYT,PACIFIC COAST OIL TR
RP,REALPAGE INC
RPAI,RETAIL PPTYS AMER INC
RPD,RAPID7 INC
RPM,RPM International Inc.
RPRX,Repros Therapeutics Inc.
RPT,Ramco-Gershenson Properties Trust
RPXC,RPX CORP
RRC,Range Resources Corp.
RRD,Donnelley R R & Sons Co
RRGB,Red Robin Gourmet Burgers Inc.
RRR,Red Rock Resorts Inc
RRTS,ROADRUNNER TRNSN SVCS HLDG I
RS,Reliance Steel & Aluminum Co.
RSG,Republic Services Inc.
RSO,Resource Capital Corp.
RSPI,Respirerx Pharmaceuticals In
RSPP,RSP PERMIAN INC
RST,ROSETTA STONE INC
RSYS,Radisys Corp.
RT,Ruby Tuesday Inc.
RTEC,Rudolph Technologies Inc.
RTIX,RTI Biologics Inc.
RTK,Rentech Inc.
RTN,Raytheon Co.
RTRX,RETROPHIN INC
RTTR,RITTER PHARMACEUTICALS INC
RUBI,RUBICON PROJ INC
RUN,SUNRUN INC
RUSHA,Rush Enterprises Inc.
RUTH,Ruth's Hospitality Group Inc.
RVLT,Revolution Lighting Technolo
RVNC,REVANCE THERAPEUTICS INC
RVP,Retractable Technologies Inc.
RVSB,Riverview Bancorp Inc.
RWC,RELM Wireless Corp.
RWT,Redwood Trust Inc.
RXN,REXNORD CORP NEW
RYAM,RAYONIER ADVANCED MATLS INC
RYI,RYERSON HLDG CORP
RYN,Rayonier Inc. REIT
S,SPRINT CORP
SABR,SABRE CORP
SAFM,Sanderson Farms Inc.
SAFT,Safety Insurance Group Inc.
SAGE,SAGE THERAPEUTICS INC
SAH,Sonic Automotive Inc.
SAIA,Saia Inc.
SAIC,SCIENCE APPLICATNS INTL CP N
SAJA,SAJAN INC
SAL,SALISBURY BANCORP INC
SALE,RETAILMENOT INC
SALM,Salem Communications Corp
SAM,Boston Beer Co.
SAMG,SILVERCREST ASSET MGMT GROUP
SANM,Sanmina-SCI Corp.
SAR,Saratoga Invt Corp
SASR,Sandy Spring Bancorp Inc.
SATS,EchoStar Corp.
SAUC,Diversified Restaurant Holdings
SAVE,SPIRIT AIRLS INC
SBAC,SBA Communications Corp.
SBBP,STRONGBRIDGE BIOPHARMA PLC
SBCF,Seacoast Banking Corp. of Florida
SBFG,Sb Finl Group Inc
SBGI,Sinclair Broadcast Group Inc.
SBH,Sally Beauty Holdings Inc.
SBNY,Signature Bank
SBPH,SPRING BK PHARMACEUTICALS IN
SBRA,Sabra Health Care REIT
SBSA,Spanish Broadcasting System Inc.
SBSI,Southside Bancshares Inc.
SBUX,Starbucks Corp.
SBY,SILVER BAY RLTY TR CORP
SC,SANTANDER CONSUMER USA HOLDINGS
SCAI,SURGICAL CARE AFFILIATES INC
SCCO,Southern Copper Corp.
SCG,Scana Corp.
SCHL,Scholastic Corp
SCHN,Schnitzer Steel Industries Inc.
SCHW,Charles Schwab Corp.
SCI,Service Corp. International
SCIL,Scientific Learning Corp.
SCKT,Socket Mobile Inc.
SCL,Stepan Co.
SCLN,SciClone Pharmaceuticals Inc.
SCM,STELLUS CAP INVT CORP
SCMP,Sucampo Pharmaceuticals Inc.
SCNB,Suffolk Bancorp
SCON,Superconductor Technologies Inc.
SCOR,comScore Inc.
SCS,Steelcase Inc.
SCSC,Scansource Inc.
SCSS,Select Comfort Corp.
SCVL,Shoe Carnival Inc.
SCWX,Secureworks Corp
SCX,L.S. Starrett Co.
SCYX,SCYNEXIS INC
SD,SANDRIDGE ENERGY INC
SDPI,SUPERIOR DRILLING PRODS INC
SDT,SANDRIDGE MISSISSIPPIAN TR I
SE,Spectra Energy Corp.
SEAC,SeaChange International Inc.
SEAS,SEAWORLD ENTMT INC
SEB,Seaboard Corp.
SEE,Sealed Air Corp.
SEIC,SEI Investments Co.
SELB,Selecta Biosciences Inc
SEM,SELECT MED HLDGS CORP
SEMG,SEMGROUP CORP
SENEA,Seneca Foods Corp.
SENS,SENSEONICS HLDGS INC
SEP,Spectra Energy Partners  LP
SERV,SERVICEMASTER GLOBAL HLDGS I
SF,Stifel Financial Corp.
SFBS,SERVISFIRST BANCSHARES INC
SFE,Safeguard Scientifics Inc.
SFL,Ship Finance International Ltd.
SFLY,Shutterfly Inc.
SFM,SPROUTS FMRS MKT INC
SFNC,Simmons First National Corp. Cl A
SFR,Colony Starwood Homes
SFS,SMART & FINAL STORES INC
SFST,Southern First Bancshares Inc
SGA,Saga Communications Inc. (Cl A)
SGC,Superior Uniform Group Inc.
SGEN,Seattle Genetics Inc.
SGMA,Sigmatron International Inc.
SGMO,Sangamo BioSciences Inc.
SGMS,Scientific Games Corp.
SGNL,SIGNAL GENETICS INC
SGRP,SPAR Group Inc.
SGRY,SURGERY PARTNERS INC
SGU,Star Gas Partners L.P.
SGY,Stone Energy Corp.
SGYP,SYNERGY PHARMACEUTICALS INC
SHAK,SHAKE SHACK INC
SHBI,Shore Bancshares Inc.
SHEN,Shenandoah Telecommunications Co.
SHLD,Sears Holdings Corp.
SHLM,A. Schulman Inc.
SHLO,Shiloh Industries Inc.
SHLX,SHELL MIDSTREAM PARTNERS L P
SHO,Sunstone Hotel Investors Inc.
SHOO,Steven Madden Ltd.
SHOR,ShoreTel Inc.
SHOS,SEARS HOMETOWN & OUTLET STOR
SHSP,Sharpspring Inc
SHW,Sherwin-Williams Co.
SIEN,SIENTRA INC
SIF,SIFCO Industries Inc.
SIFI,SI Financial Group Inc.
SIG,Signet Jewelers Ltd.
SIGI,Selective Insurance Group Inc.
SIGM,Sigma Designs Inc.
SIR,SELECT INCOME REIT
SIRI,Sirius XM Radio Inc.
SITE,SITEONE LANDSCAPE SUPPLY INC
SIVB,SVB Financial Group
SIX,SIX FLAGS ENTMT CORP NEW
SJI,South Jersey Industries Inc.
SJM,J.M. Smucker Co.
SJW,SJW Corp.
SKIS,PEAK RESORTS INC
SKLN,SKYLINE MED INC
SKT,Tanger Factory Outlet Centers Inc.
SKX,Skechers USA Inc.
SKY,Skyline Corp.
SKYW,Skywest Inc.
SLAB,Silicon Laboratories Inc.
SLB,Schlumberger Ltd.
SLD,Sutherland Asset Mgmt Corp M
SLG,SL Green Realty Corp.
SLGN,Silgan Holdings Inc.
SLM,SLM Corp.
SLP,Simulations Plus Inc.
SLRC,SOLAR CAP LTD
SM,St. Mary Land & Exploration Co.
SMBC,Southern Missouri Bancorp Inc.
SMCI,Super Micro Computer Inc.
SMG,Scotts Miracle-Gro Co.
SMLP,SUMMIT MIDSTREAM PARTNERS LP
SMMF,Summit Financial Group Inc.
SMP,Standard Motor Products Inc.
SMRT,Stein Mart Inc.
SMSI,Smith Micro Software Inc
SMTC,Semtech Corp.
SN,SANCHEZ ENERGY CORP
SNA,Snap-On Inc.
SNAK,Inventure Group Inc.
SNBC,Sun Bancorp Inc. (New Jersey)
SNC,STATE NATL COS INC
SNCR,Synchronoss Technologies Inc.
SND,SMART SAND INC
SNDX,SYNDAX PHARMACEUTICALS INC
SNFCA,Security National Financial Corp.
SNH,Senior Housing Properties Trust
SNHY,Sun Hydraulics Corp.
SNI,Scripps Networks Interactive  Inc.
SNMX,Senomyx Inc.
SNOA,Sonoma Pharmaceuticals Inc
SNOW,INTRAWEST RESORTS HLDGS INC
SNPS,Synopsys Inc.
SNR,New Senior Investment Group Inc.
SNSS,Sunesis Pharmaceuticals Inc.
SNV,Synovus Financial Corp.
SNX,SYNNEX Corp.
SO,Southern Co.
SOFO,Sonic Foundry Inc.
SOHO,Sotherly Hotels Inc
SON,Sonoco Products Co.
SONA,Southern National Bancorp of Virginia Inc.
SONC,Sonic Corp.
SONS,Sonus Networks Inc.
SP,Sp Plus Corp
SPA,Sparton Corp.
SPAN,Span-America Medical Systems Inc.
SPAR,Spartan Motors Inc.
SPDC,Speed Comm Inc
SPEX,Spherix Inc.
SPG,Simon Property Group Inc.
SPGI,S&P Global Inc
SPH,Suburban Propane Partners L.P.
SPKE,SPARK ENERGY INC
SPLK,SPLUNK INC
SPLS,Staples Inc.
SPN,Superior Energy Services Inc.
SPNC,Spectranetics Corp.
SPNE,Seaspine Hldgs Corp
SPOK,Spok Hldgs Inc
SPPI,Spectrum Pharmaceuticals Inc.
SPR,Spirit AeroSystems Holdings Inc.
SPRT,SupportSoft Inc.
SPSC,SPS COMM INC
SPTN,Spartan Stores Inc.
SPWH,SPORTSMANS WHSE HLDGS INC
SPWR,SunPower Corp.
SPXC,SPX Corp.
SQ,SQUARE INC
SR,Spire Inc
SRC,SPIRIT RLTY CAP INC
SRCE,1st Source Corp.
SRCL,Stericycle Inc.
SRDX,SurModics Inc.
SRE,Sempra Energy
SREV,Servicesource Intl Inc
SRG,SERITAGE GROWTH PPTYS
SRI,Stoneridge Inc.
SRLP,SPRAGUE RES LP
SRPT,Sarepta Therapeutics In
SRT,Startek Inc.
SRTS,Sensus Heatlhcare Inc
SSB,South St Corp
SSD,Simpson Manufacturing Co.
SSI,Stage Stores Inc.
SSKN,Strata Skin Sciences Inc
SSNC,SS&C TECHNOLOGIES HLDGS INC
SSNI,SILVER SPRING NETWORKS INC
SSP,E.W. Scripps Co.
SSTK,SHUTTERSTOCK INC
SSY,Sunlink Health Systems Inc.
STAA,Staar Surgical Co.
STAG,STAG INDL INC
STAR,iStar Financial Inc.
STAY,Extended Stay America Inc
STBA,S&T Bancorp Inc.
STBZ,STATE BK FINL CORP
STC,Stewart Information Services Corp.
STFC,State Auto Financial Corp.
STI,SunTrust Banks Inc.
STJ,St. Jude Medical Inc.
STL,Sterling Bancorp Del
STLD,Steel Dynamics Inc.
STLY,Stanley Furniture Co.
STML,STEMLINE THERAPEUTICS INC
STMP,Stamps.com Inc.
STON,StoneMore Partners L.P.
STOR,STORE CAP CORP
STRA,Strayer Education Inc.
STRL,Sterling Construction Co. Inc.
STRM,Streamline Health Solutions Inc.
STRP,Straight Path Communications Inc. (Class B)
STRT,Strattec Security Corp.
STS,Supreme Industries Inc.
STT,State Street Corp.
STWD,STARWOOD PPTY TR INC
STXS,Stereotaxis Inc.
STZ,Constellation Brands Inc.
SUI,Sun Communities Inc.
SUM,Summit Materials
SUN,Sunoco LP
SUNS,SOLAR SR CAP LTD
SUNW,Sunworks Inc
SUP,Superior Industries International Inc.
SUPN,SUPERNUS PHARMACEUTICALS INC
SVBI,Severn Bancorp Inc.
SVBL,Silver Bull Res Inc
SVU,Supervalu Inc.
SWC,Stillwater Mining Co.
SWFT,SWIFT TRANSN CO
SWHC,Smith & Wesson Holding Corp.
SWK,Stanley Works
SWKS,Skyworks Solutions Inc.
SWM,Schweitzer-Mauduit International Inc.
SWN,Southwestern Energy Co.
SWX,Southwest Gas Corp.
SXC,SUNCOKE ENERGY INC
SXCP,SUNCOKE ENERGY PARTNERS L P
SXE,Southcross Energy Partners
SXI,Standex International Corp.
SXL,Sunoco Logistics Partners L.P.
SXT,Sensient Technologies Corp.
SYBT,S.Y. Bancorp Inc.
SYF,SYNCHRONY FINL
SYK,Stryker Corp.
SYKE,Sykes Enterprises Inc.
SYMC,Symantec Corp.
SYMX,Synthesis Energy Systems Inc.
SYN,SYNTHETIC BIOLOGICS INC
SYNA,Synaptics Inc.
SYNC,SYNACOR INC
SYNL,Synalloy Corp.
SYNT,Syntel Inc.
SYPR,Sypris Solutions Inc.
SYRG,Synergy Res Corp
SYRS,Syros Pharmaceuticals I
SYRX,SYSOREX GLOBAL HLDGS CORP
SYUT,SYNUTRA INTL INC
SYX,Systemax Inc.
SYY,Sysco Corp.
T,AT&T Inc.
TA,TravelCenters of America LLC
TACT,TransAct Technologies Inc.
TAHO,TAHOE RES INC
TAP,Molson Coors Brewing Co.
TASR,TASER International Inc.
TAST,Carrols Restaurant Group Inc.
TAYD,Taylor Devices Inc.
TBBK,The Bancorp Inc.
TBI,TrueBlue Inc.
TBIO,Transgenomic Inc.
TBK,TRIUMPH BANCORP INC
TBNK,TERRITORIAL BANCORP INC
TCAP,Triangle Cap Corp
TCB,TCF Financial Corp.
TCBI,Texas Capital Bancshares Inc.
TCBK,TriCo Bancshares
TCMD,TACTILE SYS TECHNOLOGY INC
TCO,Taubman Centers Inc.
TCON,TRACON PHARMACEUTICALS INC
TCP,TC PipeLines L.P.
TCPC,TCP CAP CORP
TCRD,THL CR INC
TCS,CONTAINER STORE GROUP INC
TDC,Teradata Corp.
TDG,TransDigm Group Inc.
TDOC,TELADOC INC
TDS,Telephone & Data Systems Inc.
TDW,Tidewater Inc.
TDY,Teledyne Technologies Inc.
TECD,Tech Data Corp.
TECH,Techne Corp.
TEGP,TALLGRASS ENERGY GP LP
TEN,Tenneco Inc.
TEP,TALLGRASS ENERGY PARTNERS LP
TER,Teradyne Inc.
TERP,TERRAFORM PWR INC
TESO,Tesco Corp.
TESS,Tessco Technologies Inc.
TEX,Terex Corp.
TFSL,TFS Financial Corp.
TFX,Teleflex Inc.
TG,Tredegar Corp.
TGC,Tengasco Inc.
TGEN,Tecogen Inc New
TGH,Textainer Group Holdings Ltd.
TGI,Triumph Group Inc.
TGNA,TEGNA Inc
TGT,Target Corp.
THC,Tenet Healthcare Corp.
THFF,First Financial Corp. (Indiana)
THG,Hanover Insurance Group Inc.
THLD,Threshold Pharmaceuticals Inc.
THO,Thor Industries Inc.
THR,THERMON GROUP HLDGS INC
THRM,Gentherm Incorporated
THS,TreeHouse Foods Inc.
THST,TRUETT-HURST INC
TICC,TICC CAPITAL CORP
TIER,Tier Reit Inc
TIF,Tiffany & Co.
TILE,Interface Inc.
TIME,Time Inc.
TINY,HARRIS & HARRIS GROU
TIS,Orchids Paper Products Inc.
TISI,Team Inc.
TITN,Titan Machinery Inc.
TIVO,Tivo Corp
TJX,TJX Cos.
TK,Teekay Corp.
TKAI,TOKAI PHARMACEUTICALS INC
TKR,Timken Co.
TLF,Tandy Leather Factory Inc.
TLGT,Teligent Inc New
TLLP,TESORO LOGISTICS LP
TLOG,TETRALOGIC PHARMACEUTICALS C
TLP,Transmontaigne Partners L.P.
TLRD,Tailored Brands Inc
TLRS,Timberline Resources Corp.
TLYS,TILLYS INC
TMH,TEAM HEALTH HOLDINGS INC
TMHC,TAYLOR MORRISON HOME CORP
TMK,Torchmark Corp.
TMO,Thermo Fisher Scientific Inc.
TMP,Tompkins Financial Corp.
TMST,Timkensteel Corp
TMUS,T-Mobile US
TNAV,TELENAV INC
TNC,Tennant Co.
TNDM,TANDEM DIABETES CARE INC
TNET,Trinet Group Inc
TNGO,TANGOE INC
TNH,Terra Nitrogen Co. L.P.
TNXP,TONIX PHARMACEUTICALS HLDG C
TOL,Toll Brothers Inc.
TOWN,Towne Bank
TOWR,TOWER INTL INC
TPB,TURNING PT BRANDS INC
TPC,TUTOR PERINI CORP
TPH,TRI POINTE HOMES INC
TPIC,TPI COMPOSITES INC
TPLM,TRIANGLE PETE CORP
TPVG,TRIPLEPOINT VENTR GRW BDC CO
TPX,Tempur-Pedic International Inc.
TR,Tootsie Roll Industries Inc.
TRC,Tejon Ranch Co.
TRCB,Two Rivers Bancorp
TREC,Trecora Res
TREE,Tree.com Inc.
TREX,Trex Co. Inc.
TRGP,TARGA RES CORP
TRHC,TABULA RASA HEALTHCARE INC
TRI,THOMSON REUTERS CORP
TRIP,TRIPADVISOR INC
TRK,Speedway Motorsports Inc.
TRMB,Trimble Navigation Ltd.
TRMK,Trustmark Corp.
TRMR,TREMOR VIDEO INC
TRN,Trinity Industries Inc.
TRNO,TERRENO RLTY CORP
TROV,TROVAGENE INC
TROW,T. Rowe Price Group Inc.
TRR,TRC Cos. Inc.
TRS,TriMas Corp.
TRST,Trustco Bank Corp.
TRU,TRANSUNION
TRUE,TRUECAR INC
TRUP,TRUPANION INC
TRV,Travelers Cos. Inc.
TRVN,TREVENA INC
TSBK,Timberland Bancorp Inc.
TSC,Tristate Cap Hldgs Inc
TSCO,Tractor Supply Co.
TSE,Trinseo SA
TSLA,TESLA MTRS INC
TSLX,TPG SPECIALTY LENDING INC
TSN,Tyson Foods Inc.
TSO,Tesoro Corp.
TSQ,TOWNSQUARE MEDIA INC
TSRA,Tessera Hldg Corp
TSRO,TESARO INC
TSS,Total System Services Inc.
TST,TheStreet.com
TTC,Toro Co.
TTD,THE TRADE DESK INC
TTEC,Teletech Holdings Inc.
TTEK,Tetra Tech Inc.
TTGT,TechTarget Inc.
TTI,Tetra Technologies Inc.
TTMI,TTM Technologies Inc.
TTOO,T2 BIOSYSTEMS INC
TTPH,TETRAPHASE PHARMACEUTICALS I
TTS,TILE SHOP HLDGS INC
TTWO,Take-Two Interactive Software Inc.
TUES,Tuesday Morning Corp.
TUP,Tupperware Brands Corp.
TUSK,MAMMOTH ENERGY SVCS INC
TVIA,Terravia Hldgs Inc
TWER,Towerstream Corp.
TWI,Titan International Inc.
TWIN,Twin Disc Inc.
TWLO,Twilio Inc
TWMC,Trans World Entertainment Corp.
TWO,TWO HBRS INVT CORP
TWOU,2U INC
TWTR,TWITTER INC
TWX,Time Warner Inc.
TXMD,THERAPEUTICSMD INC
TXN,Texas Instruments Inc.
TXRH,Texas Roadhouse Inc.
TXT,Textron Inc.
TYHT,SHINECO INC
TYL,Tyler Technologies Inc.
TYPE,Monotype Imaging Holdings Inc.
TZOO,Travelzoo Inc.
UAA,Under Armour Inc.
UAL,UAL Corp.
UAM,Universal American Corp.
UAMY,UNITED STATES ANTIMO
UBA,Urstadt Biddle Properties Inc. Cl A
UBCP,United Bancorp Inc.
UBFO,United Security Bancshares (California)
UBNK,United Finl Bancorp Inc
UBNT,UBIQUITI NETWORKS INC
UBP,Urstadt Biddle Properties Inc.
UBSH,Union Bankshares Corp.
UBSI,United Bankshares Inc.
UCBI,United Community Banks Inc.
UCFC,United Community Financial Corp.
UCP,UCP INC
UCTT,Ultra Clean Holdings Inc.
UDR,UDR Inc.
UE,Urban Edge Properties
UEC,Uranium Energy Corp.
UEIC,Universal Electronics Inc.
UFAB,UNIQUE FABRICATING INC COM
UFCS,United Fire & Casualty Co.
UFI,Unifi Inc.
UFPI,Universal Forest Products Inc.
UFPT,UFP Technologies Inc.
UG,United-Guardian Inc.
UGI,UGI Corp.
UHAL,Amerco
UHS,Universal Health Services Inc.
UHT,Universal Health Realty Income Trust
UIHC,UNITED INS HLDGS CORP
UIS,Unisys Corp.
ULBI,Ultralife Corp.
ULH,Universal Truckload Services Inc.
ULTA,Ulta Salon Cosmetics & Fragrance Inc.
ULTI,Ultimate Software Group Inc.
ULUR,Uluru Inc.
UMBF,UMB Financial Corp.
UMH,UMH Properties Inc.
UMPQ,Umpqua Holdings Corp.
UNB,Union Bankshares Inc.
UNF,UniFirst Corp.
UNFI,United Natural Foods Inc.
UNH,UnitedHealth Group Inc.
UNIS,UNILIFE CORP NEW
UNM,Unum Group
UNP,Union Pacific Corp.
UNT,Unit Corp.
UNTY,Unity Bancorp Inc.
UNVR,UNIVAR INC
UPLD,UPLAND SOFTWARE INC
UPS,United Parcel Service Inc.
UQM,UQM Technologies Inc.
URBN,Urban Outfitters Inc.
URI,United Rentals Inc.
URRE,Uranium Resources Inc.
USAC,USA COMPRESSION PARTNERS LP
USAK,USA Truck Inc.
USAP,Universal Stainless & Alloy Products Inc.
USAT,USA Technologies Inc.
USB,U.S. Bancorp
USCR,U S CONCRETE INC
USDP,USD PARTNERS LP
USEG,U.S. Energy Corp.
USFD,US FOODS HLDG CORP
USG,USG Corp.
USLM,U.S. Lime & Minerals Inc.
USM,U.S. Cellular Corp.
USNA,USANA Health Sciences Inc.
USPH,U.S. Physical Therapy Inc.
UTEK,Ultratech Inc.
UTHR,United Therapeutics Corp.
UTI,Universal Technical Institute Inc.
UTL,Unitil Corp.
UTMD,Utah Medical Products Inc.
UTSI,UTStarcom Inc.
UTX,United Technologies Corp.
UUU,Universal Security Instruments Inc.
UVE,Universal Insurance Holdings Inc.
UVSP,Univest Corp. of Pennsylvania
UVV,Universal Corp.
UWN,Nevada Gold & Casinos Ltd.
V,VISA Inc.
VAC,MARRIOTT VACATIONS WRLDWDE C
VAL,Valspar Corp.
VALU,Value Line Inc.
VAR,Varian Medical Systems Inc.
VASC,Vascular Solutions Inc.
VBTX,VERITEX HLDGS INC
VC,VISTEON CORP
VCEL,Vericel Corp
VCRA,VOCERA COMMUNICATIONS INC
VCYT,VERACYTE INC
VDSI,Vasco Data Security International Inc.
VEC,VECTRUS INC
VECO,Veeco Instruments Inc.
VEEV,VEEVA SYS INC
VER,VEREIT Inc
VFC,VF Corp.
VG,Vonage Holdings Corp.
VGR,Vector Group Ltd.
VGZ,Vista Gold Corp.
VHC,VirnetX Holding Corp.
VHI,Valhi Inc.
VIAB,Viacom Inc. Class B
VIAV,Viavi Solutions Inc
VICL,Vical Inc.
VICR,Vicor Corp.
VIRC,Virco Manufacturing Corp.
VIRT,VIRTU FINL INC
VIVE,Viveve Med Inc
VIVO,Meridian Bioscience Inc.
VKTX,VIKING THERAPEUTICS INC
VLGEA,Village Super Market Inc.
VLO,Valero Energy Corp.
VLP,VALERO ENERGY PARTNERS LP
VLY,Valley National Bancorp
VMC,Vulcan Materials Co.
VMEMQ,VIOLIN MEMORY INC
VMI,Valmont Industries Inc.
VMW,VMware Inc.
VNCE,VINCE HLDG CORP
VNDA,Vanda Pharmaceuticals Inc.
VNO,Vornado Realty Trust
VNOM,VIPER ENERGY PARTNERS LP
VNTV,VANTIV INC
VOC,VOC ENERGY TR
VOXX,Audiovox Corp.
VOYA,ING U S INC
VPCO,VAPOR CORP NEV
VPG,VISHAY PRECISION GROUP INC
VR,Validus Holdings Ltd.
VRA,VERA BRADLEY INC
VRML,Vermillion Inc.
VRNS,VARONIS SYS INC
VRNT,VERINT SYS INC
VRS,VERSO CORP
VRSK,VERISK ANALYTICS INC
VRSN,VeriSign Inc.
VRTS,Virtus Investment Partners Inc.
VRTU,Virtusa Corp.
VRTV,VERITIV CORP
VRTX,Vertex Pharmaceuticals Inc.
VSAR,VERSARTIS INC
VSAT,ViaSat Inc.
VSEC,VSE Corp.
VSH,Vishay Intertechnology Inc.
VSI,VITAMIN SHOPPE INC
VSLR,VIVINT SOLAR INC
VSM,VERSUM MATLS INC
VSR,Versar Inc.
VSTM,Verastem Inc
VSTO,Vista Outdoor Inc.
VTGDF,VANTAGE DRILLING COMPANY
VTL,VITAL THERAPIES INC
VTNR,VERTEX ENERGY INC
VTR,Ventas Inc.
VTVT,VTV THERAPEUTICS INC
VVC,Vectren Corp.
VVI,Viad Corp.
VVUS,VIVUS Inc.
VVV,VALVOLINE INC
VWR,Vwr Corp
VYGR,VOYAGER THERAPEUTICS INC
VZ,Verizon Communications Inc.
W,WAYFAIR INC
WAAS,AQUAVENTURE HLDGS LTD
WAB,Wabtec
WABC,Westamerica Bancorp
WAC,Hanover Capital Mortgage Holdings Inc.
WAFD,Washington Federal Inc.
WAGE,WAGEWORKS INC
WAIR,WESCO AIRCRAFT HLDGS INC
WAL,Western Alliance Bancorp.
WASH,Washington Trust Bancorp Inc.
WAT,Waters Corp.
WATT,ENERGOUS CORP
WBA,Walgreens Boots Alliance Inc
WBB,WESTBURY BANCORP INC
WBC,WABCO Holdings Inc.
WBMD,WebMD Health Corp.
WBS,Webster Financial Corp.
WCC,Wesco International Inc.
WCG,WellCare Health Plans Inc.
WCIC,WCI CMNTYS INC
WD,WALKER & DUNLOP INC
WDAY,WORKDAY INC
WDC,Western Digital Corp.
WDFC,WD-40 Co.
WDR,Waddell & Reed Financial Inc.
WEB,Web.com Group Inc.
WEC,Wisconsin Energy Corp.
WEN,Wendy's/Arby's Group Inc.
WERN,Werner Enterprises Inc.
WES,Western Gas Partners LP
WEST,Westinghouse Solar Inc
WETF,WISDOMTREE INVTS INC
WEX,WEX Inc.
WEYS,Weyco Group Inc.
WFBI,WASHINGTONFIRST BANKSHARES I
WFC,Wells Fargo & Co.
WFM,Whole Foods Market Inc.
WG,WILLBROS GROUP INC DEL
WGL,WGL Holdings Inc.
WGO,Winnebago Industries Inc.
WGP,WESTERN GAS EQUITY PARTNERS
WHF,WHITEHORSE FIN INC
WHG,Westwood Holdings Group Inc.
WHLR,WHEELER REAL ESTATE INVT TR
WHR,Whirlpool Corp.
WIFI,BOINGO WIRELESS INC
WIN,Windstream Corp.
WINA,Winmark Corp.
WING,WINGSTOP INC
WINT,Windtree Therapeutics Inc
WIRE,Encore Wire Corp.
WK,WORKIVA INC
WLB,Westmoreland Coal Co.
WLDN,Willdan Group Inc.
WLFC,Willis Lease Finance Corp.
WLH,LYON WILLIAM HOMES
WLK,Westlake Chemical Corp.
WLKP,WESTLAKE CHEM PARTNERS LP
WLL,Whiting Petroleum Corp.
WM,Waste Management Inc.
WMAR,West Marine Inc.
WMB,Williams Cos.
WMC,WESTERN ASSET MTG CAP CORP
WMK,Weis Markets Inc.
WMLP,Westmoreland Resource Partners
WMS,Advanced Drain Sys Inc
WMT,Wal-Mart Stores Inc.
WNC,Wabash National Corp.
WNEB,Western New Eng Bancorp Inc
WNR,Western Refining Inc.
WNRL,WESTERN REFNG LOGISTICS LP
WOOF,VCA Antech Inc.
WOR,Worthington Industries Inc.
WPC,W.P. Carey & Co. L.L.C. Cl A
WPCS,WPCS International Inc.
WPG,Washington Prime Group New
WPT,World Pt Terms Lp
WPX,WPX ENERGY INC
WR,Westar Energy Inc.
WRB,W.R. Berkley Corp.
WRE,Washington Real Estate Investment Trust
WRI,Weingarten Realty Investors
WRK,Westrock Co
WRLD,World Acceptance Corp.
WSBC,WesBanco Inc.
WSCI,WSI Industries Inc.
WSFS,WSFS Financial Corp.
WSM,Williams-Sonoma Inc.
WSO,Watsco Inc.
WSR,WHITESTONE REIT
WST,West Pharmaceutical Services Inc.
WSTC,WEST CORP
WSTG,Wayside Technology Group Inc.
WSTL,Westell Technologies Inc.
WTBA,West Bancorp Inc.
WTFC,Wintrust Financial Corp.
WTI,W&T Offshore Inc.
WTM,White Mountains Insurance Group Ltd.
WTR,Aqua America Inc.
WTS,Watts Water Technologies Inc.
WTT,Wireless Telecom Group Inc.
WTW,Weight Watchers International Inc.
WU,Western Union Co.
WVVI,Willamette Valley Vineyards Inc.
WWAV,WHITEWAVE FOODS CO
WWD,WOODWARD INC.
WWE,World Wrestling Entertainment Inc.
WWW,Wolverine World Wide Inc.
WY,Weyerhaeuser Co.
WYN,Wyndham Worldwide Corp.
WYNN,Wynn Resorts Ltd.
WYY,WidePoint Corp.
X,United States Steel Corp.
XBIT,XBIOTECH INC
XBKS,Xenith Bankshares Inc New
XCO,EXCO Resources Inc.
XCOMQ,XTERA COMMUNICATIONS INC
XCRA,Xcerra Corp
XEC,Cimarex Energy Co.
XEL,Xcel Energy Inc.
XELB,XCEL BRANDS INC
XENT,INTERSECT ENT INC
XGTI,XG TECHNOLOGY INC
XHR,XENIA HOTELS & RESORTS INC
XLNX,Xilinx Inc.
XLRN,ACCELERON PHARMA INC
XNCR,XENCOR INC
XOG,EXTRACTION OIL AND GAS INC
XOM,Exxon Mobil Corp.
XOMA,XOMA Ltd.
XON,Intrexon Corp
XONE,EXONE CO
XOXO,Xo Group Inc
XPL,Solitario Exploration & Royalty Corp.
XPLR,XPLORE TECHNOLOGIES CORP
XPO,Express-1 Expedited Solutions Inc.
XRAY,Dentsply Sirona Inc
XRDC,Crossroads Cap Inc
XRM,Xerium Technologies Inc.
XRX,Xerox Corp.
XTLY,XACTLY CORP
XXIA,Ixia
XYL,Xylem Inc.
Y,Alleghany Corp.
YDKN,Yadkin Finl Corp
YELP,Yelp Inc
YHOO,Yahoo! Inc.
YORW,York Water Co.
YRCW,YRC Worldwide Inc.
YUM,Yum! Brands Inc.
YUMA,Yuma Energy Inc New
YUME,YUME INC
Z,Zillow Inc
ZAGG,Zagg Incorporated
ZAYO,ZAYO GROUP HLDGS INC
ZAZA,ZAZA ENERGY CORP
ZBH,Zimmer Hldgs Inc
ZBRA,Zebra Technologies Corp. Cl A
ZDGE,ZEDGE INC
ZEN,ZENDESK INC
ZEUS,Olympic Steel Inc.
ZFGN,ZAFGEN INC
ZGNX,ZOGENIX INC
ZION,Zions Bancorp
ZIOP,ZIOPHARM Oncology Inc.
ZIXI,Zix Corp.
ZLTQ,ZELTIQ AESTHETICS INC
ZN,Zion Oil & Gas Inc.
ZNGA,ZYNGA INC
ZOES,ZOES KITCHEN INC
ZSAN,ZOSANO PHARMA CORP
ZTS,ZOETIS INC
ZUMZ,Zumiez Inc.
ZYNE,ZYNERBA PHARMACEUTICALS INC